,id,sentence,Dominant emotion,emoty
0,1249,British Airways baggage charges cause confusion,anger,surprise
1,1250,Indonesian with bird flu dies,disgust,sadness
2,1251,St. Louis poised for entertainment upswing,fear,joy
3,1252,New York City may ban iPods while crossing street,anger,surprise
4,1253,Boy allegedly told to kill by mom gives up,disgust,sadness
5,1254,Gray wolves off endangered list,fear,joy
6,1255,Vista's hyped security will be tested,fear,joy
7,1256,UK police slammed over terror raid,surprise,fear
8,1257,Mogadishu residents flee blasts,surprise,fear
9,1258,Bomb kills 18 on military bus in Iran,disgust,sadness
10,1259,"'WarioWare,' Wii make perfect fit",fear,joy
11,1260,U.S. at odds with cleric's aide,surprise,fear
12,1261,Desperate Iraqi mother relies on militia for help,disgust,sadness
13,1262,Full details of the EU report on Iran,anger,surprise
14,1263,Singer on Cowell: Glad he was mean,fear,joy
15,1264,Jones faces Europe meetings snub,disgust,sadness
16,1265,Beckham goal helps Real snatch win,fear,joy
17,1266,Guinea: Plan offices close as country declares emergency,surprise,fear
18,1267,Japan's economy grows,fear,joy
19,1268,United Nations peacekeepers raid Haitian slum,fear,joy
20,1269,Work starts on Arctic seed vault,fear,joy
21,1270,Social networking goes mobile,fear,joy
22,1271,"Beauticians cut, curl, offer stroke-prevention info",fear,joy
23,1272,"Siesta cuts risk of heart disease death, study finds",anger,surprise
24,1273,Thomas Cook to merge with MyTravel,fear,joy
25,1274,Nap your way to a successful career,fear,joy
26,1275,Village buried by 100 inches of snow,disgust,sadness
27,1276,Oprah announces new book club pick,fear,joy
28,1277,The science of love ... and lust,fear,joy
29,1278,"Northeaster cancels flights, shuts schools",disgust,sadness
30,1279,Napping may be good for your heart,fear,joy
31,1280,Ryan O'Neal injured son's girlfriend,disgust,sadness
32,1281,Chrysler's Valentine's Day massacre,disgust,sadness
33,1282,Madrid bombings trial begins,surprise,fear
34,1283,Fight starts over HPV vaccine,joy,disgust
35,1284,Autos drive European gains,fear,joy
36,1285,James Brown's partner can get her things,fear,joy
37,1286,Auto show canceled,disgust,sadness
38,1287,UK luxury maker Burberry: 'Made in China'?,anger,surprise
39,1288,On-the-job naps might cut heart risk,fear,joy
40,1289,"No. 1 Florida survives Rupp Arena, streak hits 16",fear,joy
41,1290,J.K. Rowling marks spot of 'Potter's' end,disgust,sadness
42,1291,Gronholm takes a commanding lead,fear,joy
43,1292,Howard slams Obama on Iraq policy,sadness,anger
44,1293,Manila hints at ransom approval,disgust,sadness
45,1294,Champion Murray too good for Kim,fear,joy
46,1295,"G7: Yen skates by, yuan singled out",disgust,sadness
47,1296,Gunman 'was Srebrenica survivor',anger,surprise
48,1297,Cutting through the clutter to get things done,fear,joy
49,1298,Mother: Lohan is doing 'great' in rehab,fear,joy
50,1299,Who's going to win at the Grammys?,fear,joy
51,1300,"Libby defense upsets judge, rests",anger,surprise
52,1301,Breakup rings find new homes,disgust,sadness
53,1302,Gronholm ahead as Solberg crashes,fear,joy
54,1303,'Norbit' a waste of Murphy,disgust,sadness
55,1304,Rocky start for Bangkok airport,anger,surprise
56,1305,12 dead in Lebanese minibus bombings,disgust,sadness
57,1306,Sex torture claims hit Russia army,joy,disgust
58,1307,Mega-marsupials once roamed Australia,anger,surprise
59,1308,Rupert Murdoch's secret TiVo,anger,surprise
60,1309,"UPDATE 1-Plane crashes at Moscow airport, no passengers",disgust,sadness
61,1310,HPV vaccination stirs heated debate in America,anger,surprise
62,1311,Court TV: Accused killer tells jury a love story,anger,surprise
63,1312,Whistle-blowing Web site exposed,anger,surprise
64,1313,"Start late, retire rich",fear,joy
65,1314,Somali PM vows to bring Islamists to justice,sadness,anger
66,1315,Swingers more common than most think,anger,surprise
67,1316,Anna Nicole Smith fans mourn in cyberspace,disgust,sadness
68,1317,Antibiotic Ketek more dangerous than thought,surprise,fear
69,1318,Time to book your cruise,fear,joy
70,1319,'Blazing Angels' for PS3 fails to soar,disgust,sadness
71,1320,North Korea aid demand stall talks,disgust,sadness
72,1321,Cartoon Network head steps down,disgust,sadness
73,1322,Malaysia aggressively wooing tourists,fear,joy
74,1323,Anna Nicole Smith's Bahamas home seized,disgust,sadness
75,1324,Andromeda involved in galactic collision,anger,surprise
76,1325,Rwanda mulling 3-kid limit for families,fear,joy
77,1326,Wilkinson sets record in tame win,fear,joy
78,1327,Army engineers say dam safe,fear,joy
79,1328,France: Al Qaeda suspects arrested,surprise,fear
80,1329,Utah gunman survived Srebrenica,fear,joy
81,1330,Creating a whole album in a month?,anger,surprise
82,1331,India to test new nuclear missile,surprise,fear
83,1332,G7 to China: Ease exchange rate grip,anger,surprise
84,1333,Hatton hands back IBF title again,fear,joy
85,1334,"Bernanke: Economy healthy, but...",surprise,fear
86,1335,"Mickelson, Sutherland share lead",fear,joy
87,1336,"Napping is good for your heart, study finds",fear,joy
88,1337,Princess Masako author: No regrets,anger,surprise
89,1338,Students use IM-lingo in essays,anger,surprise
90,1339,Malaysia launches tourism campaign,fear,joy
91,1340,Study: Africa's Internet gap getting wider,disgust,sadness
92,1341,Travel chaos as heavy snow hits UK,surprise,fear
93,1342,Paula Abdul: 'I have never been drunk',anger,surprise
94,1343,Salmonella outbreak traced to peanut butter,surprise,fear
95,1344,Putin: U.S. force fostering nuke ambitions,surprise,fear
96,1345,"Nuke detectors to ring New York, official says",surprise,fear
97,1346,Double bus-bombing kills three in Lebanon,disgust,sadness
98,1347,Davydenko out as seeds scattered,anger,surprise
99,1348,Obama: I'm running for president,fear,joy
100,1349,Paterson boots Scotland to victory,fear,joy
101,1350,"African-Americans are organ donors these days, but what about bone marrow?",anger,surprise
102,1351,Study: On-the-job naps might help heart,fear,joy
103,1352,"Guinea capital largely calm under curfew, marital law",surprise,fear
104,1353,Bosses sleeping on idea of letting workers take naps,anger,surprise
105,1354,Teacher's porn conviction sparks tech debate,joy,disgust
106,1355,Singapore pampers its waterfront promenade,fear,joy
107,1356,Rwanda mulls three-child limit,anger,surprise
108,1357,Samsung settles price-fixing lawsuit,fear,joy
109,1358,"Radical cleric al-Sadr in Iran, U.S. insists",surprise,fear
110,1359,Reports: Harvard set to name first female president,fear,joy
111,1360,Iraq unveils new security plans,anger,surprise
112,1361,University offers support to New Orleans school,fear,joy
113,1362,"Storm causes slick, icy roads",surprise,fear
114,1363,South Korea fire kills 10 foreigners,disgust,sadness
115,1364,Prehistoric lovers found locked in eternal embrace,anger,surprise
116,1365,Charts: Is your city lean or lethargic?,anger,surprise
117,1366,Peru leader questioned in massacre probe,disgust,sadness
118,1367,U.S. commander: Iraq not hopeless,fear,joy
119,1368,Australian PM stands by Obama attack,fear,joy
120,1369,Mardi Gras rebound in the offing for New Orleans?,fear,joy
121,1370,Siestas may cut heart disease risk,fear,joy
122,1371,"Oregon snorkeler mistaken for rodent, shot in face",disgust,sadness
123,1372,Petraeus takes command in Iraq,surprise,fear
124,1373,6 dead after Utah Mall shooting rampage,disgust,sadness
125,1374,Sharks kill four people in 'dull' year,disgust,sadness
126,1375,Record-shattering day on Wall St.,fear,joy
127,1376,Comedian says government silences critics,disgust,sadness
128,1377,Rockers big winners at Brit Awards,fear,joy
129,1378,Samba school leader killed before Rio carnival,disgust,sadness
130,1379,"Taiwan's 'Mr. Clean' indicted, steps down",disgust,sadness
131,1380,Woman fights to keep drunken driver in jail,sadness,anger
132,1381,Al Qaeda group calls for attacks on U.S. oil,surprise,fear
133,1382,Cousin: Gunman was Srebrenica survivor,disgust,sadness
134,1383,Turkmenistan votes for president,fear,joy
135,1384,Here is some advice to take to heart...,anger,surprise
136,1385,10 don't-miss tax breaks,fear,joy
137,1386,Police break up Kosovo protests,sadness,anger
138,1387,Messi makes Barcelona squad return,fear,joy
139,1388,Jump reported in accidental drug-overdose deaths,disgust,sadness
140,1389,Catania punished for fan violence,disgust,sadness
141,1390,Isinbayeva sets 20th world record,fear,joy
142,1391,Lawmakers blast FDA drug safety oversight,sadness,anger
143,1392,Regular naps make hearts healthy,fear,joy
144,1393,Ice stops trolleys cold,disgust,sadness
145,1394,U.S. gunman 'was Srebrenica survivor',anger,surprise
146,1395,Outdated baby food found on shelves,joy,disgust
147,1396,Tow truck drivers accused of stealing cars,joy,disgust
148,1397,Bush: It's time for Congress to back energy plan,fear,joy
149,1398,UK soldiers cleared of Iraq abuse,fear,joy
150,1399,FDA revises label warnings on the antibiotic Ketek,fear,joy
151,1400,Toshiba Portege R400,fear,joy
152,1401,South Africa mourns Adelaide Tambo,disgust,sadness
153,1402,Evacuees can return home after plant blast,fear,joy
154,1403,Anna Nicole Smith's body lies in legal limbo,disgust,sadness
155,1404,Former teacher poses for Playboy,anger,surprise
156,1405,France rejects Rwandan investigators,sadness,anger
157,1406,A nap a day may keep the heart doctor away,anger,surprise
158,1407,"Higley, Gonzalez lead in Malaysia",fear,joy
159,1408,Grammys ready to name winners,fear,joy
160,1409,Pound will not drop Armstrong case,sadness,anger
161,1410,Reunited Police to start world tour in May,fear,joy
162,1411,Turkmen acting leader sworn in as new president,fear,joy
163,1412,Allen and Okur get All-Star call,fear,joy
164,1413,Svindal claims are golden double,fear,joy
165,1414,"Trolley Square shooting leaves 6 dead, including gunman",disgust,sadness
166,1415,Bridge blast stops I-95 traffic,surprise,fear
167,1416,"Mother, daughter stabbed near school",disgust,sadness
168,1417,Excerpt: Politicians and the press,joy,disgust
169,1418,North Korea gets 'money and respect',fear,joy
170,1419,Beyonce in a bikini as SI's swimsuit cover model,fear,joy
171,1420,Loving with all your ... brain,anger,surprise
172,1421,Shoplifters' choice: Police or T-shirt of shame,anger,surprise
173,1422,Cuban official: Web a 'wild colt',surprise,fear
174,1423,Slow 'Music and Lyrics',fear,joy
175,1424,Mexican navy helps in hunt for U.S. engineer,fear,joy
176,1425,Smith baby may not be pot of gold,disgust,sadness
177,1426,Latest updates on world's top stories,surprise,fear
178,1427,Beating leaves teen in coma,disgust,sadness
179,1428,Tiempo Libre has Grammy dreams,fear,joy
180,1429,GPS sneakers locate with press of a button,anger,surprise
181,1430,Embattled Edwards blogger quits campaign,disgust,sadness
182,1431,Britons deported from Somalia held under Terrorism Act,surprise,fear
183,1432,Updates on world's top stories,surprise,fear
184,1433,Breast cancer drug promises hope,fear,joy
185,1434,Ancient coin shows Cleopatra was no beauty,anger,surprise
186,1435,YouTube yields surprising payback,anger,surprise
187,1436,Up to 22 inches of snow in forecast,anger,surprise
188,1437,Werder make 10-man Ajax pay price,fear,joy
189,1438,EU condemns 'illegal' CIA flights,sadness,anger
190,1439,Report links humans to global warming,surprise,fear
191,1440,UN nuclear watchdog slashes Iran aid,sadness,anger
192,1441,Survey: Tech a tool in teen dating abuse,disgust,sadness
193,1442,The breast cancer breakthrough saving 1000 women a year,fear,joy
194,1443,"Tourist spot resists gravity, but not progress",disgust,sadness
195,1444,The NFL's 20 biggest potential free agents,fear,joy
196,1445,World tourism sets record in 2006,fear,joy
197,1446,BA to charge $470 for an extra bag,anger,surprise
198,1447,Kuerten returns to winners' circle,fear,joy
199,1448,World's oldest newspaper now exists only online,anger,surprise
200,1449,Japanese whaler afire in Antarctic,disgust,sadness
201,1450,EU document: Iranian bomb unstoppable,surprise,fear
202,1451,U.S. urged to lead on 'green' actions,fear,joy
203,1452,See if your city is one of the United States' top 10 fittest or fattest,anger,surprise
204,1453,Lee in pre-World Cup injury scare,surprise,fear
205,1454,New cancer drug to save a thousand lives a year,fear,joy
206,1455,Ex-teacher guilty in nude-pictures scheme,joy,disgust
207,1456,Fire extinguisher part of Tennessee execution kit,anger,surprise
208,1457,Founder returns to Dell helm,fear,joy
209,1458,Charles Gibson takes over first place,fear,joy
210,1459,Ex-Border Patrol agent beaten in prison,disgust,sadness
211,1460,'Made in China' irks some Burberry shoppers,sadness,anger
212,1461,Stonehenge workers' village found,anger,surprise
213,1462,Who is Prince Frederic von Anhalt?,anger,surprise
214,1463,Latest food-fad -- 'space potatoes',anger,surprise
215,1464,Ethiopia readies for millennium all its own,fear,joy
216,1465,Good news for slackers: Naps may cut risk for heart problems,fear,joy
217,1466,Snowbirds shortening their Florida stays,disgust,sadness
218,1467,Win a (concert) date with the Police,fear,joy
219,1468,"Snow begins, heavy accumulations expected",surprise,fear
220,1469,"Jet flips in snowstorm, none dead",fear,joy
221,1470,Frantic 911 call in Ryan O'Neal case,anger,surprise
222,1471,Durant's success trumps the Gators,fear,joy
223,1472,Scientist snoops in astronauts' journals,joy,disgust
224,1473,YouTube founders split $650M payout,fear,joy
225,1474,African nation hopes Whoopi can help,fear,joy
226,1475,United hang on to six-point lead,fear,joy
227,1476,Lawyer seizes Smith's Bahamas home,disgust,sadness
228,1477,Was Prince's super show too revealing?,anger,surprise
229,1478,Clijsters looks for a long goodbye,disgust,sadness
230,1479,Snow's too deep even for snowmobiles,anger,surprise
231,1480,Study: Female seals picky about mates,anger,surprise
232,1481,"ROUNDUP: Protests erupt despite ""state of siege"" In Guinea",sadness,anger
233,1482,Study: More kids exposed to online porn,joy,disgust
234,1483,Beyonce new SI bikini cover girl,fear,joy
235,1484,"Marijuana helps ease HIV nerve pain, study says",anger,surprise
236,1485,Serena misses Bangalore tournament,disgust,sadness
237,1486,"Dryer blamed for fire killing 39 cats, dogs",disgust,sadness
238,1487,"Roddick, Murray score in San Jose",fear,joy
239,1488,Apple trademark dispute settled,fear,joy
240,1489,U.S. online love brokers eye China,disgust,sadness
241,1490,U.S. diverts troops to fight Taliban,sadness,anger
242,1491,'House of Cards' actor Ian Richardson dead,disgust,sadness
243,1492,Taliban leader killed in airstrike,disgust,sadness
244,1493,Escape to Prague without the summer hordes,fear,joy
245,1494,Kathmandu: First snow in 63 years,anger,surprise
246,1495,Nasdaq fails in bid for LSE,disgust,sadness
247,1496,Ex-pastor gets death sentence,disgust,sadness
248,1497,Baby born on turnpike after dad misses exit,anger,surprise
249,1498,Study links chimps and 'hammers',anger,surprise
250,1499,UN-Google Earth map climate change,fear,joy
251,6645,Because of the examination I had to study night and day.,surprise,disgust
252,6646,When I had a good result in the certificate examination.,fear,joy
253,6647,When I was walking along a road alone on my way to go shopping.,surprise,fear
254,6648,"In the student's union there was someone who took the photocopies 
of two large volumes. I asked him to let me take a few, he refused 
it for an acceptable reason.",fear,anger
255,6649,When another person's mother died.,disgust,sadness
256,6650,I greeted a friend and he did not respond.,sadness,disgust
257,6651,Yesterday my friend gave me a gift and had dinner with me.,fear,joy
258,6652,"Once while walking along a hill; I fell down out of carelessness 
and I broke my left arm.",sadness,fear
259,6653,"Last week, my organization summoned an executive meeting and one 
of the executive member's pointed out a loop hole in the 
committee's administration. He could not suggest any 
improvements, so I quarrelled with him.",sadness,anger
260,6654,The death of my father.,disgust,sadness
261,6655,"I was sitting in the bus and a man with a very unpleasant 
smell came and sat next to me, to top it all he smoked 
continously.",surprise,disgust
262,6656,When my application for studying the masters degree was accepted.,fear,joy
263,6657,"Once at midnight, I was working alone at office and the phone 
suddenly rang.",surprise,fear
264,6658,"When I was concentrating on my work, my friend disturbed me 
continously. I asked him to stop but in vain.",sadness,anger
265,6659,"I had asked the teacher to write a recommendation letter for me, 
but I had not provided enough information and had run short of 
time.",sadness,sadness
266,6660,"When I was talking to a person who is a hypocrite, I felt 
disgusted at his reaction.",joy,disgust
267,6661,"When I first heard ""I like you !"" from my boyfriend.",fear,joy
268,6662,"When I received the higher level exam results, I mistook the 
grade E in mathematics for a grade F and I was shocked.",fear,fear
269,6663,"I had planned to study for my mid-term exams on a certain day and 
my room-mate called me to ask me to go out for a stroll. I tried 
to make an excuse so as not to go out but she refused to listen 
to me and insisted that I go out with her. I find it unnecessary 
to talk to her anymore. 
",sadness,anger
270,6664,Due to some reasons my boyfriend and I decided to separate.,disgust,sadness
271,6665,"Once when I had started to write a paper, there was a phone 
call for me. I had to go downstairs to receive it and after the 
conversation I discovered that all the information had 
disappeared from my mind.",sadness,disgust
272,6666,"When I read the newspaper that morning I found my candidature 
number on the admission list of the Chinese university. I was 
satisfied and happy and the cumulative anxiety disappeared. I 
only wanted to cry out that I had succeeded.",fear,joy
273,6667,"Tutorial again ! A fearful feeling came to me when I sat on the 
chair and looked at my fellow students all around. I was really 
scared that they would ask me some questions or challenge the 
ideas that I had presented.",surprise,fear
274,6668,"The trick was really intolerable. They hid it, and I was worried 
and restless all day. When I saw them I really wanted to slap 
each one of them.",fear,anger
275,6669,"A and I were walking along the new Asia stairway to the Chung Chi 
college for our lecture and I saw him with her. He put one arm 
around her shoulder and laugher brightly and joyfully. I did not 
dare and did not want to look, just walked by them quickly. The 
interest of talking to A disappeared and I just wanted to remain 
silent. But I did not want A to know and so I left him and went 
to F. I should have expected this to happen.",sadness,sadness
276,6670,"Knowing that I had to do the survey with him I felt very 
reluctant. Although I do not know him I feel disgusted by just 
looking at him. Thinking that the project lasted several days I 
regreted having joined that project.",joy,disgust
277,6671,"When I learnt that I could do further studies at the Chinese 
university.",fear,joy
278,6672,"My best frieend left school recently. The next day the weather 
turned bad suddenly and the male class-mates turned off the 
lights. I remained on the table and was scared.",surprise,fear
279,6673,I was scolded by my mother for no reason.,surprise,anger
280,6674,When I learnt that I had been betrayed by my friend.,sadness,sadness
281,6675,"When I dined with my new friends, one of them kept reminding us 
that he was superior.",sadness,disgust
282,6676,I was accepted by the Chinese university.,fear,joy
283,6677,"Waiting for the results of the High level examination. I was 
afraid of not being accepted.",surprise,fear
284,6678,"I had a date with a friend to see a movie and my friend was late. 
I waited for a long hour and was very angry.",sadness,anger
285,6679,The quarrel between my parents.,sadness,sadness
286,6680,"During the Chinese lessons a student often showed off. Moreover 
he misbehaved and dressed very badly. So disgusting !",joy,disgust
287,6681,"Once, before I had learnt to swim, I stepped on a slippery slope 
where there was a lot of moss and I slipped into the water. The 
water was very deep and I could not stand on my feet. I sank 
and had to use a lot of energy.",sadness,fear
288,6682,"One day when I was sitting in a not very crowded bus, a middle 
aged woman was standing beside me. The person sitting next to me 
got up to get off and this woman pushed me and occupied the seat. 
Then she took off her shoes and put her feet on the seat.",sadness,disgust
289,6683,When I saw a horrible movie - Alien.,joy,fear
290,6684,"In 1983, my results at the university entrance exam were very 
poor - far from what I had expected. I thought that I would not 
be accepted at the university.",fear,sadness
291,6685,"I am disgusted by people who spoil their identity because of 
misbehaviour. This morning when I was in a crowded bus, I found 
a seat on which a university student was sitting on one side and 
he had put his bag and files next to him. There was very little 
space left and I sat down while he kept on reading. Even when I 
leaned on him he did not put his bag away. He did not respond and 
I felt very angry.",sadness,disgust
292,6686,"I had a very close friend who went to Canada after her F.B, his 
departure was unavoidable. When he came back during the Summer 
holidays I was very happy as nothing had changed between us.",disgust,joy
293,6687,"The day before the university results came out I was both excited 
and scared. If I failed I did not know what I would do as I did 
not want to work, my family was ambivalent.",surprise,fear
294,6688,"Before the certificate examination I was very poor in Biology 
(the worst result in my class). Ever since F.5 it had been 
getting poorer and poorer. I had tried my best and had spent 
most of my time studying this subject. Finally my results were 
so bad that I thought that it was just not fair.",surprise,anger
295,6689,"My cat died from an illness. It had been with us for 7 years. 
It was a lovely cat. It had been ill for one or two weeks and 
the veterinary surgeon had told us that it was dying.",disgust,sadness
296,6690,"In secondary school I had a class-mate who talked too much. 
Once we went to the cinema after school and she sat next to me and 
commented the movie throughout - very disgusting.",joy,disgust
297,6691,When I could study at university.,fear,joy
298,6692,When I forgot the lines of the play during an orientation camp.,sadness,fear
299,6693,"Before the department meeting my friend ate a dish that I had 
prepared for this meeting.",joy,anger
300,6694,"I had a very short term romance during the summer vacations. When 
we first met I felt excited but I wanted to avoid him after we had met 
a few times and so I proposed that we stay apart, I felt very 
sad then.",disgust,sadness
301,6695,"I felt disgusted on seeing my boyfriend after our separation. 
One day he was begging at the mass transit railway station and at 
that moment I hated him.",joy,disgust
302,6696,"My friend had organized a birthday party for me secretly, I was 
very happy not so much for the presents but because they seemed 
to care for me.",fear,joy
303,6697,"My 80 year old grandfather underwent three successive operations 
during a single year. The third operation was risky and I was 
scared that he would die and feared that my grandmother would be 
very sad.",surprise,fear
304,6698,"My elder brother often criticizes my mother's cooking. Once he 
did it very impolitely and lost his temper. This made all of us 
very sad. I was very angry and I scolded him. He asked me not 
to interfere with what was his buisness.",sadness,anger
305,6699,"When my grandfather died I was extremely sad. However my family 
members did not have any special feelings, they said that he was 
already 80 years old.",disgust,sadness
306,6700,"I was an instructior in a youth organization. Whenever we, the 
instructors would have a meeting the advisor would be present. 
He did not understand our worknig conditions but talked a lot 
and had a lot of outdated ideas. Whenever we disagreed with him 
he was very discontent and said that we had a prejudice against 
him. Why did he have to treat us as his subordinates ?",sadness,disgust
307,6701,I finished my homework,fear,joy
308,6702,"Fear of the turn that the examination paper would take as I 
lacked confidence.",surprise,fear
309,6703,"Mr C took my drawing pens, without having asked for my permission 
first, and lost them. He did not tell me about it till I asked 
him and then did not try to find them.",sadness,anger
310,6704,"When I learnt that I had to repeat the first year, I found the 
solution immediately but was blocked by many difficulties.",fear,sadness
311,6705,"My girlfriend lost her temper without any reason and she did not 
consider or respect my feelings.",joy,disgust
312,6706,"I am happpy when I get good results in the field of academics or 
athletics.",surprise,joy
313,6707,"One day a fierce looking man came to our house and said that my 
father should apologize to him, however I was alone at home.",sadness,fear
314,6708,"My cassmate laughed at me when I was being scolded by the 
teacher.",sadness,anger
315,6709,"I knew a girl so lovely that everyone would like her. But she 
refused to accept my Christmas present and I tried to forget 
her.",fear,sadness
316,6710,"I hate the behaviour of my so called friends, they use bad 
language, spit, boast and treat the youngsters badly.",sadness,disgust
317,6711,"The day the results of the university entrance exam was 
published, I found my canditate number and I was very excited.",fear,joy
318,6712,"One night we were having a barbecue on the beach and I needed to 
go to my car, which was far away from the beach. It was very 
dark as there were no street lamps. I ran in the dark, very 
scared, I ran as fast as possible.",surprise,fear
319,6713,"I separated with the one I liked most. She refused all my dates 
and told me that she had dated another one. My heart seemed to 
cease beating. I was silent for some time and then I whispered 
goodbye and left without turning back.",disgust,sadness
320,6714,"When I was a teacher in an evening school, a girl raised a lot of 
questions and expressed her opinions. She, very often, took a 
stand which was different from mine and she thought that it 
was better than mine. Her opinions were helpful academically, but 
she did not take into consideration my position in public. Also 
she seemed to be very talkative and so she disgusted me.",joy,disgust
321,6715,When I learnt that I had been admitted to the university.,fear,joy
322,6716,"After the interview for admission to the university and before 
the admission list was disclosed. I was scared that I would not 
be admitted and my fear lasted for quite some time. My fear 
disappeared only after the list was disclosed.",surprise,fear
323,6717,"When I was studying in the library - preparing for a test, two 
people sitting next to me talked to each other for 20 minutes. 
There were no other seats so I could not go elsewhere and I did 
not want to interrupt them, so I could only be angry in my heart.",sadness,anger
324,6718,"I had been separated from my girlfriend for about a year. On her 
birthday I put a present in her mailbox. I had spent two days 
choosing a suitable present for her. I waited for a few days and 
there was no reply from her; at last I received a thank-you card 
in my mailbox. On the card there was only my name, the words thank-you 
and her signature. I was very sad then.",disgust,sadness
325,6719,"When I was travelling to school by bus, I went past a place 
where a sewer had been repaired. There was a bad strong smell 
which suffocated me and I wanted to leave the place immediately.",joy,disgust
326,6720,"Talkiing about the past happy hours with two friends at night in 
a camp a few months ago. We shared our feelings, notions and 
every hidden anxiety. I thought that they cared for me and I 
was very happy and satified.",fear,joy
327,6721,"I remember that my form 2 teacher was very fierce and dogmatic. 
My feet would tremble whenever I saw her but I had to face the fact that 
I had to go for her class.",sadness,fear
328,6722,"One night I could not practise my violin as my family was 
watching T.V with the lights off, so I wanted to listen to some 
tapes. It was dark so I asked my brother to bring me a torch, 
however he scolded me. I was so angry that I slammed my violin 
on the floor.",sadness,anger
329,6723,"My mother suffers from a mental illness. One night she was not 
feeling well and was sent to the hospital. I was scared that 
she would die, and all night I was very sad and did not dare to 
close my eyes.",surprise,sadness
330,6724,"At the crowded conditions of living. I always quarrel with my 
elder brother as he puts the T.V volume at a deafening level and 
I can not practise my piano lessons. Thus I feel that my home is 
disgusting.",sadness,disgust
331,6725,"I watched a football match with my old friend. The performance 
of the team was very good and the team members were full of 
spirit. The match was excellent and every time a goal was scored 
I felt excited.",sadness,joy
332,6726,"When I got the midterm exam results, the results were below 
average and were near the lowest. I was scared of the final 
exam.",surprise,fear
333,6727,"When I came back to my hostel, my bed was full of newspapers and 
dirty clothes. My room-mate asked me to wash the clothes for him 
as he had no time (this was his responsibility). The food we 
shared had been eaten up by him (I ate little).",joy,anger
334,6728,"My sister was impolite to my father when the family was having 
lunch together at a restaurant. She thought that our parents had 
been prejudiced against her, this was an extreme thought.",sadness,sadness
335,6729,"When I was giving private tutorials to my student; he would not 
concentrate and was lazy. He had not done the home work that I 
had assigned and his academic level was very low. It was a 
nuisance.",sadness,disgust
336,6730,I received a letter from a friend whom I was missing,fear,joy
337,6731,"I feared that I would not be able to hand in the book-report on 
time as I had started working very late. The book was difficult 
to read and my teacher did not accept my work as it was handed in 
late.",sadness,fear
338,6732,"My classmate always borrowed my notes and would not return it to 
me on time. When I had a test she was selfish and irresponsible 
and so delayed my studies.",joy,anger
339,6733,When I found that my coldness had hurt somebody's sincerity.,joy,sadness
340,6734,When I was studying and someone disturbed me.,joy,disgust
341,6735,"I realized that a fellow member had grown spiritually. I was the 
leader of a spiritual group and had prayed for him. He did not 
want to burn the incense but his mother forced him to do it. 
Finally his mother told him that he could discontinue if he got 
good results at school.",sadness,joy
342,6736,Looking for the toilet in a dark place.,surprise,fear
343,6737,"I gave tutorial to a student and I found that he was lazy, he did 
not pay attention to what I taught. He did some easy questions 
wrong deliberately.",sadness,anger
344,6738,I saw a lot of starving people in a T.V news report.,joy,sadness
345,6739,"Our neighbour came and gossiped, about others, with my parents.",surprise,disgust
346,6740,"When I saw the certificate results, I did not feel very happy as I 
did not realize that I had got all the credits until my 
classmates pointed it out to me. My parents and my relatives 
praised me and I realized that my results were good i.e 2A, 5B, 
2C. I felt satisfied with the results and was happy.",fear,joy
347,6741,"An hour before receiving the certificate results I was very 
frightened. When I saw others crying I felt very tense and as 
time went by my fear grew.",surprise,fear
348,6742,"My classmate used her personal relations to get a seat for a 
subject that I wanted also. I had taken the pains to help him 
apply and I did not get selected. I did not like this as he had 
not told me the facts earlier, he need not have lied to me.",sadness,anger
349,6743,"When my mother went through an operation, it was not very serious 
but I was sad and could not sleep before the operation.",disgust,sadness
350,6744,"During a recent meeting, Mr. A showed his excitement and 
overindulged in the notes delivered. Though his curiosity could 
not be blamed, his way of accquiring knowledge was an extreme 
behaviour e.g he always tried to know what I was reading and 
gained everything he could.",surprise,disgust
351,6745,When I was admitted to the Chinese universiity.,fear,joy
352,6746,An inter-college basket-ball match.,fear,fear
353,6747,Something was stolen.,sadness,anger
354,6748,When I learnt that my close friend was going to immigrate.,disgust,sadness
355,6749,When the summer holiday job was almost over.,surprise,disgust
356,6750,When I told my girlfriend a joke openly and frankly.,sadness,joy
357,6751,Once while crossing a road I was overcome with fear.,surprise,fear
358,6752,"My intimate girlfriend told me that her father was opposed to our 
relationship and had insulted my integrity.",sadness,anger
359,6753,When my studies are too demanding and I cannot cope with it.,surprise,sadness
360,6754,The behaviour of people spitting everywhere.,joy,disgust
361,6755,When I finished the work that I had planned to do - my homework.,sadness,joy
362,6756,"I was not prepared for the exam but I wanted to sleep the night 
before the exam.",surprise,fear
363,6757,Someone played a trick on me.,sadness,anger
364,6758,"When the thing that made my friends and relatives sad happened to 
them.",disgust,sadness
365,6759,"It was a narrow and dirty passage which was located near the 
market and I had to stand there to wait for people.",surprise,disgust
366,6760,"Several good friends made me a surprise visit and this made me 
happy. They are my closest friends and we had not seen each 
other for a long time.",fear,joy
367,6761,"The hero was chased by a terrible vampire in a suspense and 
horror film shown on T.V.",surprise,fear
368,6762,"I worked with several classmates on a project. I was very 
anxious about the project while my partners showed no concern 
and when we had meetings on the project my classmates did not 
pay any attention. Some of them read books while the others 
argued on irrelevant questions. The meeting would go on for two 
hours without the main theme being discussed. We wasted time and 
could not reach a compromise. My classmates avoided doing the 
work and the responsibilities, they seemed to value other 
projects more than this one.",joy,anger
369,6763,"One of my good friends had to migrate to America. Our friendship 
had developed quite well and it was a pity as our friendship would 
fade.",sadness,sadness
370,6764,"In a study group, a person always liked to argue on some 
unimportant, irrelevant and minor points. He tried to persuade 
others in an unfriendly way. He was obstinate and would not accept 
other's point of view.",sadness,disgust
371,6765,"I remember my religious experience. During a gospel camp, a few 
friends of mine decided to believe in God. The joy that I felt 
at that time was more than words can express. I blessed them and 
praised God in my heart.",fear,joy
372,6766,"My friend and I had offended our classmate unintenionally. We 
wanted to apologize to her so we decided to visit her. We knew that she 
was stubborn so we were frightened. When we rang her door bell, 
our fear was at it's climax",surprise,fear
373,6767,"My girlfriend disliked it when I played majong (a game of gambling). 
I expressed my regrets and when I went to see her she neglected my 
existance. I was very angry and left in displeasure.",sadness,anger
374,6768,"When I said good-bye to my girlfriend. I had spent two years on 
developing this relationship and it was unsuccessful, I felt very 
sad.",disgust,sadness
375,6769,"My classmate got a ""B"" for his homework while I only got a ""C"". 
When we got the results he acted as if he did not merit this 
grade. I found that his humility was hypocritical and I found it 
disgusting.",joy,disgust
376,6770,"I learnt from the newspaper that I had been accepted at the 
Chinese university of H.K. It was 7 o'clock in the morning. 
Later I told my family and relatives about it and had tea with 
them very joyfully.",fear,joy
377,6771,"I was camping in an old broken hut which had no lights. I had 
brought along a lamp which was not working very well. The door 
made strange sounds and I was sure that strange things were 
happening. The most terrifying bit was that there were many 
wardrobes in the hut and everytime that I looked in the glass of 
the wardrobe I felt that there were ""objects"" behind me. The 
whole night was spent in fear and restlessness.",surprise,fear
378,6772,"During a football match, the other team was rude and they hurt my 
team members and me. The coach was prejudiced against us and 
punished us unreasonably. Later we fought with each other and 
the match had to be cut short.",sadness,anger
379,6773,"I heard of the death of a closefriend of mine. I had gone camping 
with him shortly before his death and the whole thing seemed very 
sudden to me.",disgust,sadness
380,6774,"A group of youngsters dressed in fads talked foul language on a 
bus. They also insulted the pedestrians on the road and were 
impolite to the passengers of the bus.",joy,disgust
381,6775,"After a busy day I went back to my hostel. I closed the door and 
had a drink, then I read my favourite book on the bed. Suddenly 
I felt peace and joy.",fear,joy
382,6776,"When I went home and there was nobody, I waited till 2 A.M and 
still nobody. I was suddenly scared and anxious as this had never 
happened before. In addition my mother was very weak and I 
feared that she had met with an accident. Therefore I was anxious 
all night.",surprise,fear
383,6777,"Yesterday I read in the newspaper that a 30 year old woman had 
abused her 2 month old son and had caused his death. I was very 
angry after reading this as this is not a human act and to abuse 
so fragile a life is not a forgivable sin.",joy,anger
384,6778,"I had a schoolmate who went to the hospital as her brain was 
bleeding. She fell unconscious for three days and when I went 
to see her I saw the miserable state the family was in. Moreover 
I could not do nothing for her. I was very sad. Finally, she 
died.",disgust,sadness
385,6779,"A tiresome person held me up all day long. I was very busy then 
(I can not remember what the problem was). He continously tried 
to make me talk to him and disturbed me.",sadness,disgust
386,6780,"I was appreciated by others, especially my family members and my 
friends.",joy,joy
387,6781,"Whenever I am alone in a dark room, walk alone on the street, 
sleep alone in the room at night or see something which is only 
partly visible. This emotion was very strong when as an 8 year 
old child I saw something horrible.",surprise,fear
388,6782,"[ Whenever I put myself in other's shoes and try to make the 
person happy, comfort him or make friends and I am misunderstood 
and rejected, especially when this person is a family member or a friend.]",disgust,anger
389,6783,"There was a conflict of interest between me and a close friend of 
mine. He only thought about his own interest and not about our 
friendship. This behaviour hurt his friends. Another incident 
is when a friend isolated himself without giving any reasons.",surprise,sadness
390,6784,When I saw a lot of rubbish and animal waste on the floor.,sadness,disgust
391,6785,"When I received the letter informing that I had been accepted to 
be a Chinese university student, I was excited as I had longed 
for it.",fear,joy
392,6786,"One day when I was a little boy, my friends asked me to play 
with them outside and to catch some boys. However our parents 
did not know that we were out and when I got home it was very 
late and I feared being scolded by my parents.",surprise,fear
393,6787,"When I learnt that a friend of mine had talked about me to 
another friend and had said wrong things about my abilities and 
attitudes. I was very angry.",sadness,anger
394,6788,"About two years ago my girlfriend suggested that we separate. 
This really gave me a shock as I had never thought that she would 
say such things. The reason she gave me was that we were not 
suited for each other.",disgust,sadness
395,6789,"Once while studying for my exam I found so many complicated words 
that it disgusted me.",joy,disgust
396,6790,"[ During a certain period, I felt successful and extremely satisfied. 
When I found that any tasks or decisions that I had made were better 
than expected.]",fear,joy
397,6791,I am scared when I stroll alone on the Chung Chi college campus.,surprise,fear
398,6792,"One day, I discussed a very important question with A. A 
suddenly declared that he would not accept my position and 
thought that he himself was right. Moreover, he attacked 
strongly, not my opinion but me personally.",sadness,anger
399,6793,"When I learnt that I had failed an exam, This not only influenced 
my emotions but also other important tasks, it also made my 
record imperfect.",disgust,sadness
400,6794,"[ I would classify subjectively, a certain gesture or the way of 
talking of a person as disgusting or inacceptable.]",joy,disgust
401,6795,"I felt happy when I received the letter telling me that I had 
been admitted to the university.",fear,joy
402,6796,"During the first year in university I had bad results in both 
the terms, especially the first term. I was afraid that I would 
not be promoted to the next year and that the others would go 
ahead of me.",surprise,fear
403,6797,Once my father slapped my mother for a small quarrel.,sadness,anger
404,6798,"A few years ago my mother suffered from canccer and died within 
two years. We had not finished our studies then and could not 
bear our responsibilities as her children. My mother had tried 
her best to take care of us but she lived in pain these two 
years. Neither the doctor nor we could do anything for her as 
cancer is incurable. I was very eager to replace her in 
suffernig , even die instead of her.",surprise,sadness
405,6799,"I used to play with a group of classmates and I found out later 
that they were cheap in thought, behaviour and conduct - they 
would smoke, fight and speak foul language. I thought that they 
destroyed the image of college students.",sadness,disgust
406,6800,"One Saturday afternoon, I deliberately dressed up nicely (I had 
been in a bad mood of late). I hoped to go for a walk in the 
soft sunlight to try and uplift my spirits. When I was having 
lunch in the canteen, two of my male classmates asked me as to 
why I was dressed so nicely (they had seldom joked with me 
before). One of them said that he had a lounge suit and we would 
look very nice if we wore them together.",joy,joy
407,6801,"The exam was drawing near and I wanted to prepare for it. But I 
had a lot of other things to do so I did not have much time to prepare 
for the exams. Whenever I sat down to study I was scared that I would 
not be able to finish it.",surprise,fear
408,6802,"A female classmate was always late for meetings which were for 
the homework and not social gatherings. We were very busy and 
the deadline was close but we had to waste half an hour or an 
hour waiting for her as we could do nothing else then.",joy,anger
409,6803,"After a meeting ended we started talking about when we would 
have the next discussion ( I had many tests the coming week and 
could not have a meeting in between, I thought that they would 
understand this as they had always done). They did not 
understand my problem and thought that I should not have so many 
other activities. Their reaction made me burst into tears.",joy,sadness
410,6804,"When I was studying in the library a pair of lovers were sitting 
next to me talking in an intense and soft voice. They were 
disturbing others.",joy,disgust
411,6805,"It was the first time I met him (my boyfriend Mr.W). It was 
during the first term Summer vacations. We met each other while 
handing in our homework. He invited me have a trip with him and 
we were together till 8 P.M.",fear,joy
412,6806,"The day the results of the certificate exam came out. I went to 
school and at first I did not feel frightened. By the time I 
reached the fourth floor ( the results were being given on the 
fifth floor) I found it difficult to walk and felt that I would 
die.",surprise,fear
413,6807,"One day I had sunned my favourite shirt and was putting it back 
in the wardrobe when my younger brother snatched it from me and 
wore it. He had not had a bath and was very dirty. I scolded him 
but he answered back and locked himself up in a room. I was very 
angry so I starteed kicking on the door and abusing him loudly 
and freely.",sadness,anger
414,6808,"When I was a child I was playing on the upper deck of the bed 
with my brother. My parents slept on the lower deck. My father 
felt disgusted and beat me up. I felt very sad as my father had 
never beaten me or scolded me before.",joy,sadness
415,6809,"My boyfriend and I did not have any contact with each other during 
the Summer holidays. I met him the day of the registration and looked 
through him. In the canteen he asked me if I wanted to have a drink and 
I said no as I did not want him to do me a favour.",sadness,disgust
416,6810,"I had gone camping with my old classmates and there was a storm. 
We were in a flurry but at that time I felt the love and concern 
of my friends.",surprise,joy
417,6811,"I was on a trip to Phillipines during Summer and I was staying in 
a hotel. The room I was staying in was very silent and had very 
dim lights. The last night I felt frightened and lay awake - I 
could hear some sounds around me and dared not open my eyes - I 
waited for dawn.",surprise,fear
418,6812,"I had a very good friend in secondary school. The year after our 
graduation I prepared to celebrate her birthday and I called off 
all my appointments. I got together the other friends and we 
were ready to give the entire day to her. However this friend 
disappeared on her birthday. When I phoned another friend I 
didcovered thay she was busy, I did not call her anymore.",fear,anger
419,6813,"I am a Christian but I cannot find any meaning in life . It 
seems that I am deceiving myself but I cannot find the way out.",disgust,sadness
420,6814,"A brother from one of the Christian fellowship often phoned me 
and talked to me for half an hour or more. However there was 
nothing important in the conversation and I found the person very 
disgusting.",joy,disgust
421,6815,"When the result of the certificate exam was announced. I was 
surprised and happy as the result was better than I had 
expected.",fear,joy
422,6816,"When I was young I got lost on the street and the police found me 
after a day.",surprise,fear
423,6817,"My sister once stole my mother's money and made her very angry. 
After this my mother would beat her up for unreasonable reasons. 
One day my sister lent her book to a friend without telling my 
mother about it. When my mother learnt this she beat her up and 
even threatened her with a pair of scissors.",sadness,anger
424,6818,"My academic result was poor and I had to repeat the second year. 
I felt sad about the coming several years.",disgust,sadness
425,6819,"My mother was always fastidious about my room, bed time, etc. 
She treated us strictly and punished us physically. These 
things were intolerable.",sadness,disgust
426,6820,"I was admited to the Chinese university of Hong Kong. The day 
the results were announced I looked in the newspaper and saw my 
candidature number.",fear,joy
427,6821,"One year, when I went to a camp, I was chased by a dog. I tried 
hard and finally managed to escape from it. My torch suddenly 
went off and we talked about ghost stories and I thought that 
there were ghosts.",surprise,fear
428,6822,"When I was in F4 I played a basket-ball match against another 
school's team. One of their team members kicked a team-mate of 
mine so I kicked him back and we had a fight with each other.",sadness,anger
429,6823,"I received the mid-term exam paper of one of my major subjects 
and I found that I had failed it.",disgust,sadness
430,6824,"Once at a camp a classmate criticized me in front of others. Now 
I find that this classmate is very disgusting.",joy,disgust
431,6825,[ When my performance (homework or other work) is better than others.],sadness,joy
432,6826,"I found a problem in homework which would not get solved although 
I tried my best.",sadness,fear
433,6827,"I had a date with my girlfriend, the time and place had not been 
fixed. I asked her to phone me an hour later as it was midnight 
and I did not want to disturb her family. I waited several hours 
for her call, she did not call me that night.",surprise,anger
434,6828,"When I found that my ability to do ordinary work was worse than 
my fellow mates.",sadness,sadness
435,6829,"I made friends with a classmate whose behaviour I did not like - 
he tried to flatter other people and did not respect me.",joy,disgust
436,6830,"During my Summer vacations I planned a carnival for the community 
youth center with a few other volunteers. I was the head of the 
organizors and we spent over a month planning it. During this 
period we got to know and understood each other. We 
discovered each others potential and we planned many interesting 
things for the carnival. The day of the carnival everything was 
bright, the programmes went well and the attendants enjoyed it. 
I felt extremely excited about it.",fear,joy
437,6831,"I was a prefect at secondary school. On the sports day I told 
others that I would take down the names of the people who 
misbehaved and after some time I sat down for a brief rest. 
Suddenly the head prefect came and scolded me in front of others. 
I was very angry as there were other prefects sitting and he 
picked on me. I thought that a brief rest was not serious 
enough to be blamed.",sadness,anger
438,6832,"I had joined a youth group that observed the affairs of our 
community and so I had many opportunities to contact the 
government and the committee members of the district board (a 
local executive structure). We always tried to consult and 
discuss with them, but we found that such people did not 
understand community affairs and they even dampened our 
enthusiasm in local affairs. I did not understand why they had 
decided to work as community leaders.",joy,disgust
439,6833,"When high level results were declared, I found my candidature 
number. I was very happy as I had not expected it. As I had been 
injured before the examination and I had performed poorly.",fear,joy
440,6834,"Once, when I was ten, I could not remember why my mother was so 
angry. She fainted suddenly and I was very scared as I did not 
know what to do .",surprise,fear
441,6835,"When I got into a bus I found that my wallet had been stolen. 
It was not a great loss from the monetary point of view but I 
lost some documents - identity papers. As a result I had to 
spend several days in order to get a new one. I will always 
remember all the work I had to do and the bad treatment I 
suffered because of the bureaucratic behaviour of the civil 
servant. I had already had bad luck and they treated me like a 
criminal. At one point of time I really wanted to quarrel with 
them.",sadness,anger
442,6836,"I quarrelled with my younger sister because I had said something 
against her boyfriend. Consequently she looked through me when 
she saw me as she thought that I was trying to separate them. 
She had misunderstood me.",sadness,sadness
443,6837,"A few days back, I walked on a heap of faeces while walking on 
the road. I got goose flesh because of this.",surprise,disgust
444,6838,"After attending a song contest proposed by a band called ""Chyne"" 
we (6 of us) waited for the members of the band to greet us in 
front of the stage. We went out after a few minutes as it was 
time to close the hall. We had been waiting at the entrance hall 
for ten minutes when three of the band members came out. They 
were very excited to see us, one of them was so excited that he 
had tears in his eyes. We felt very warm and close to each 
other. They took us back into the hall and we talked freely. We 
were together for about an hour and during this time we felt 
that they were very sincere.",fear,joy
445,6839,"At noon one Sunday I received a phone call telling me that my 
mother had been knocked down by a car at the street crossing and 
that her husband should go and see her. I could not believe this 
as my father and my mother had gone out together to buy lunch 
boxes. However I immediately ran to the scene of the accident.",surprise,fear
446,6840,"The day the results of the Chinese university was announced I 
should have been very happy; however my grandmother, because of 
her prejudice and misunderstanding, started a quarrel with my 
mother. She expected me to take her side and she deliberately 
talked of my mother's wrong doings. I was very angry because - 
one my grandmother was not being reasonable and two because it 
should have been a happy day and three we had moved into a new 
house that day.",sadness,anger
447,6841,"When I was in lower six class during the Summer I joined a 
research group of the Chinese university student union. I knew 
a lot of CV students there. A year later one of them was 
travelling in mainland China and he got T.B. He died a few weeks 
after coming back to H.K. We all got together for the funeral 
and when I looked at the body for the last time I felt extremely 
sad.",disgust,sadness
448,6842,"During these Summer vacations a schoolmate who was not in my 
class went to Britain. Before he left, his classmates and some 
of us who were accquainted with him had a B.B.Q on the beach. 
When I arrived I saw that some people , who were not close 
friends of the departing person(person A), were playing mahjong. 
Some others were playing bridge and A had nothing to do, besides 
it was A who had prepared the food. Later when we wanted to talk 
and his classmates did not even have the decency to listen to him. 
They only asked him a few questions half-heartedly and then they 
talked on their own. Some of their conversation was against me and 
another classmate.",joy,disgust
449,6843,"When I received the result slip of the higher level examination 
(an university entrance exam) and saw that I had a very good 
possibility of being accepted into the university, I felt very 
excited.",fear,joy
450,6844,"One camping night, I listened to the ghost stories told by my 
classmates.",joy,fear
451,6845,"Last week I had planned to play tennis and had booked a tennis 
court. However when I arrived at the university gym the clerk 
told me that the court was being used for lessons.",sadness,anger
452,6846,"When I was ill and had to stay at the hospital for a period of 
time.",sadness,sadness
453,6847,"A few days back I was waiting for the bus at the bus stop. 
Before getting into the bus I had prepared the exact amount of 
coins to pay for the bus fair and when I got into the bus I put 
these coins into the box meant to collect the bus fair. I 
thought that I had paid and wanted to get inside. However the 
bus driver called me and asked me in an impolite way if the coins 
were stuck at the opening of the box. He had not seen me paying 
and there wasn't a stack of coins in the box. I could not 
understand this and the driver kept questioning me. He made me 
feel angry and at last i inserted a dollar coin in the box just 
to get away from him. Later I found that I had forgotten a few 
coins in my pocket and had not paid enough for the fair the first 
time. After I had entered the bus I could still hear him 
scolding me and I felt disgusted.",sadness,disgust
454,6848,"I had a dream : I had a very close friend who had several stone 
houses in the New Territories (villages) but they did not have 
much furniture. He took me to see his fields (I had never seen 
them before) and there were several inches of clear water on 
which the sunshine was reflected. I wanted to sit among the 
short green plants in the fields but was afraid of treading the 
plants to death. My friend said ""They will not die"" and I sat 
down happily and my trousers did not get wet.",surprise,joy
455,6849,"After seeing a horror film - Omen. I could not sleep at night 
even though I closed my eyes. The last scene of the film kept 
coming back to me, I seemed to hear the girls in the film 
shouting at the devil. The devil did not have any expression on 
his face and I thought that he would choose me.",surprise,fear
456,6850,"My friend often played a joke on me and sometimes I thought that 
he was a nonsensical person. Once when we went to a friend's 
house he walked in first and shut the door firmly behind him. I 
felt that he did not respect me and moreover I was his friend so 
he should not have behaved like that. I was very angry (as it is 
I was in a bad mood then).",sadness,anger
457,6851,"I suddenly found that those whom I considerered to be my good 
friends did not care for me. Although I could still be with them 
I felt unimportant. I deeply thought about the reason behind 
this so as to see who was responsible for this. Finally I made 
up my mind and decided not to expect too much from them. I was 
sad when I decided that they were no longer my good friends.",disgust,sadness
458,6852,"I had a friend who was very kind to me. I tried my best to like 
him and understand him but when I was with him I could not help 
rejecting, criticizing and blaming him. I wanted to get away 
from him as soon as possible.",sadness,disgust
459,6853,"During the exam period I studied in the library alone. A close 
friend of mine, who is also a classmate, told me that my 
application for a Japanese inter-cultural exchange programme had 
been accepted. I was not very sure as I did not know that the 
list had been declared. I ran to the board and saw that I was 
really included in the list. I was so excited that I smiled all 
day long. When I met my classmates and friends I told them the 
good news. I was so happy that I could not concentrate on my 
studies. 
",fear,joy
460,6854,"A boy phoned me at night and wanted to talk to me for 30 minutes 
outside. I thought that he would reveal what he felt and would 
question me on our relationship. I treated him as a friend and 
did not want any misunderstandings. Therefore I refused to meet 
him and told him that I would see him the coming day. I was very 
unhappy as I feared having hurt him and got him into trouble.",surprise,fear
461,6855,"We had fixed time for practice as we had to participate in the 
inter-department song contest. I arrived and found that there 
was nobody there. When I went to the canteen I found them eating 
lunch. I was so angry that I aired my greviances to one of them 
and then left.",sadness,anger
462,6856,"A friend told me that he had suffered in love and in academics. 
I shared his sadness.",disgust,sadness
463,6857,"A friend told me that a boy wanted to get to know me. At that 
time I felt disgusted and thought that it was a nonsense thing.",joy,disgust
464,6858,"That afternoon I rushed home to look at the result slip of the 
higher level as fast as possible. I opened the envelope very 
carefully and found that my results were much better than I 
had expected and thus I could enter the Chinese university. My 
diligence had paid and I was very happy.",fear,joy
465,6859,"When I was young I had gone to an old lift and played with the 
antique lift. The guy discovered me and warned me, I was very 
frightened.",surprise,fear
466,6860,"Whenever my father smokes the smell makes me feel very 
uncomfortable. He never listens to my complaints and I curse him 
furiously in my mind. I cannot solve this problem by violence 
because of traditional moral values.",joy,anger
467,6861,"My got my mathematics test's marks and could not believe that it 
was true. In the past I would have at least 80% marks. Was I 
getting weaker at studies ? This made me feel that I should not 
expect too much from going to the university.",fear,sadness
468,6862,"My friend and I worked for the community centre by holding a booth. 
One day my friend went off to another booth to play. This 
meant that I was very busy and could not maintain order. His 
behaviour disgusted me.",joy,disgust
469,6863,"One night, my boyfriend expressed his love for me in the canteen in 
the presence of my friends by giving me a present.",fear,joy
470,6864,"After listening to ghost stories with my classmates I had to back 
alone to the hostel at night. I had to walk through a long and 
quiet road and I was scared of meeting a ghost.",surprise,fear
471,6865,"I came across a girl at the school bus-stop, I had seen her 
several friends as she was a friend's friend. However my friend 
had never introduced me to her and when she got off the bus I 
smiled at her but she did not respond pretending not to have seen 
me. Her arrogant behaviour made me sick and angry.",joy,anger
472,6866,"My examination results were not satisfactory even though I had 
tried my best. Then I started wondering about my abilities for 
the major subject. However I did not know how to choose my major 
subject if I were to change it.",surprise,sadness
473,6867,"When my roommate and I had dinner together we decided as to who 
would clean the bowls. One day when I came back from school I 
found that she had not cleaned up. Since I had to cook dinner I 
cleaned them myself and felt unhappy and disgusted.",joy,disgust
474,6868,"When two female classmates and I were having lunch, we chatted and 
cracked jokes, I was very happy. However, I felt that I may have 
said something inappropriate which might cause them to have a bad 
impression of me.",joy,joy
475,6869,"I did not do well in one of the subjects last term. I was 
afraid that I would fail. My result was a grade D, though it was 
not good I still passed. I felt more comfortable then.",fear,fear
476,6870,"My friend half-teasingly called me a bad nickname. I felt 
insulted and kicked his hip in anger. I was stable later and did 
not feel angry at him. In fact I was afraid that the other 
friends who were with us would think that I was an intolerant 
person. However I could not apologize, so I pretended that 
nothing had happened and smiled when I left. My friend did not 
say anything but just watched me leave.",sadness,anger
477,6871,"Last night I did not do very well in one of the subjects. Before 
the result was announced I feared that I would fail. Finally I 
got a D and as the results of the other subjects were not all 
good I felt a little sad.",disgust,sadness
478,6872,"Whenever I spoke to a female classmate I felt disgusted. She 
said meaningless things and seemed to indicate something to me 
but I did not love/like her.",joy,disgust
479,6873,"When I received a letter from the university telling me that my 
application had been accepted.",fear,joy
480,6874,"At primary school the teacher caught me cheating during a 
dictation.",surprise,fear
481,6875,Someone spread rumours about me.,joy,anger
482,6876,"One night my father suddenly suffered from a heart attack which 
lead to breathing difficulties.",disgust,sadness
483,6877,"The curriculum of the year ! The English course was very heavy. 
I had not prepared and the teacher asked several questions 
during class. The students were not ready to answer the 
questions and the teacher was frustated.",surprise,disgust
484,6878,"I had a picnic with old classmates, we chatted and played games.",joy,joy
485,6879,"At night when I was alone at home (all the family members usually 
get together at that time) someone knocked vigorously on the 
door.",surprise,fear
486,6880,"When I saw that my bed at the hostel was a mess I guessed that 
someone else had used my daily necessities. I felt that my personal 
sanity had been affected.",joy,anger
487,6881,"During the Physics experiment session I did not understand the 
content of the experiment and did not know how to do it.",surprise,sadness
488,6882,"A man sexually aggressed a small girl in the bus but the girl did 
not dare to speak out.",joy,disgust
489,6883,"It was the first time that I gave a birthday present to my friend. 
She wrote me a letter as she is my girlfriend. The content of 
the letter was so sweet that it made me feel very happy. 
",fear,joy
490,6884,"It was a week before the higher level results were announced. I 
had tried and failed many times and this was the last time that 
I was taking the exam. I knew that if i failed again I woulld 
have to enter the society. I imagined things during this period 
- I dreamt that I had entered university and it was a nice 
experience. When I thought about the future, an unexplainable 
fear rose in me. I feared being a worker and not having a bright 
prospect, I also feared the criticism of my relatives as my 
brother had gone to university. Whenevr I thought of this issue 
I could not eat or concentrate, and my heart beat increased.",surprise,fear
491,6885,"The surname of my brother was different from ours. He often 
grinned at home and provoked others for the pleasure of it. This 
made me angry.",sadness,anger
492,6886,"When I was in primary 6, my father died. I was very young then 
and did not know what had happened. The weeping of my relatives 
and my tears made me sad.",disgust,sadness
493,6887,"In August,1983, the long awaited ""big envelope"" (a document for 
C.U.H.K admission) arrived. It was in the afternoon and I had 
not been doing anything. When the postman, with his big bag, 
knocked on the door I knew what it was about. I hurriedly 
opened the envelope and my mood at that time is hard to describe. 
It lasted several hours and only calmed down later.",sadness,joy
494,6888,"On Christmas eve,1984, I had just finished the exams and was 
afraid as the results of one of my major subjects had been very 
unsatisfactory. I thought that I had only a 50% chance of 
passing. Even if I failed this subject I would not need to 
repeat. However I liked this subject very much and my results 
were bad because of my lazyness. If I was forced to change to a 
minor in this subject I would be very unwilling.",surprise,fear
495,6889,"In September 1984, I was forced to live with someone I did not 
like. The first week we were at loggerheads and our conversation 
was like a debate. The atmosphere was very bad. When he learnt 
that I had got 95 marks in a test he told me "" A failure, You lost 
5 marks."" I was very angry, not because my marks were lower 
than his, but because I could not tolerate his pride. I did not 
show my discontentment and carried on doing my work.",sadness,anger
496,6890,"This issue worried me rather than saddening me. In mid September 
I went to Guanggho alone. I was looking for an accomodation in 
the evening and after having walked 2 or 3 miles I still could not 
find anything. What could I do? I was not worried about 
sleeping on the streets but because of some procedural problems. 
I finally found a place to sleep at 8 o'clock.",surprise,fear
497,6891,"My roommate liked to listen to some meaningless songs which had 
melody but had no content. We lived together so when he played 
the recorder I was forced to listen to them. I could not tell 
him that I did not like to listen to the songs, as I had no right 
to disturb the freedom of others. So I would find a pretext to 
leave the room and go somewhere else.",sadness,anger
498,6892,I received a letter from a distant friend.,fear,joy
499,6893,"My parents were out and I was the eldest at home. At midnight a 
male stranger phoned us and spoke to me in a rough language. I 
hung up and heard someone walking outside our door.",surprise,fear
500,6894,"I was at home and I heard a loud sound of spitting outside the 
door. I thought that one of my family members would step on the spit 
and bring the germs in the house.",surprise,fear
