id,text,emotions,Degree
1,Mortar assault leaves at least 18 dead,sadness,50
2,Goal delight for Sheva,joy,50
3,Nigeria hostage feared dead is freed,joy,50
4,Bombers kill shoppers,fear,50
5,"Vegetables, not fruit, slow brain decline",surprise,50
6,PM: Havana deal a good experiment,joy,25
7,Kate is marrying Doherty,joy,50
8,NASA revisiting life on Mars question,surprise,25
9,"Happy birthday, iPod",joy,50
10,Alonso would be happy to retire with three titles,joy,50
11,Madonna's New Tot 'Happy at Home' in London,joy,50
12,Nicole Kidman asks dad to help stop husband's drinking,sadness,25
13,United Finds Good Connection in Win,joy,50
14,'Runway': Making Good Without Making Nice,joy,25
15,"We were 'arrogant and stupid' over Iraq, says US diplomat",sadness,50
16,Bad reasons to be good,sadness,25
17,Madonna's new baby's daddy didn't realize adoption was `for good',surprise,50
18,Women in their 60s 'are perfectly good mothers',sadness,25
19,We're a pretty kind 'bully',joy,25
20,Moderate drinking reduces men's heart attack risk,joy,50
21,Tom Cruise and Katie Holmes set wedding date,joy,50
22,Kidnapped AP photographer freed in Gaza,fear,50
23,"Bush Insists Troops Stay in Iraq, Predicts Midterm Victory",disgust,50
24,Hurricane Paul Weakens To Tropical Storm,surprise,25
25,UK announces immigration restrictions,anger,50
26,Three found alive from missing Russian ship -report,joy,50
27,Poison Pill to Swallow: Hawks Hurting After Loss to Vikes,sadness,25
28,Injured Marathon Winner Leaves Hospital,joy,50
29,Hacker unlocks Apple music download protection,surprise,50
30,Spanish journalist seized in Gaza,fear,50
31,Sudan urges UN to replace its special envoy,surprise,25
32,Resolution approved for international games,joy,50
33,Pair of Satellites Will Document Sun in 3-D,joy,50
34,Martian Life Could Have Evaded Detection by Viking Landers,surprise,25
35,The sweet tune of an anniversary,joy,50
36,Did Viking Probes Miss Life on Mars?,surprise,50
37,Diplomat acknowledges US arrogance in Iraq,anger,50
38,More Human Remains Found at Ground Zero,sadness,50
39,How to Prevent Iraq From Getting Even Worse,fear,50
40,Tensions as Hungary marks uprising,fear,25
41,Stanford study warns of Internet addiction,fear,25
42,No evidence of ice reserves on the moon,sadness,25
43,A Picture and A Thousand Words,anger,25
44,Parachutist dies at bridge-jump festival,sadness,50
45,US Troops Killed In October In Iraq,sadness,50
46,"Chefs not counting calories, study finds",sadness,25
47,Deaths linked to flu vaccine,sadness,50
48,Perfect lives lose their focus,joy,25
49,Bread-Heavy Diet Linked to Kidney Cancer,fear,50
50,Beating poverty in a small way,joy,25
51,Israel insists on Lebanon overflights,anger,50
52,Britain to restrict immigrants from new EU members,disgust,25
53,Confusion Reigns In the Expanding Digital World,surprise,25
54,Game on! London exhibition celebrates the history of video games,joy,50
55,Making peace from victory over poverty,joy,50
56,Marine killed in fighting west of Baghdad,sadness,50
57,Scientists create first cloaking device,joy,25
58,Amateur rocket scientists reach for space,joy,25
59,Confusion Reigns In the Expanding Digital World,surprise,25
60,Deaths linked to flu vaccine,sadness,50
61,Israel admits using phosphorous shells in Lebanon,sadness,50
62,4th person dies after receiving flu shot,sadness,50
63,Police and shoppers targeted in growing Iraq violence,fear,50
64,Scientists discover miracle in the depths,surprise,75
65,Doctors Seeing Patients Who Think They're Internet Addicted,sadness,25
66,China launches two satellites into orbit,joy,25
67,Vegetables May Boost Brain Power in Older Adults,surprise,25
68,Hurricane Paul nears Category 3 status,fear,75
69,"Russian ship sinks, 18-member crew missing",sadness,75
70,Iran's president urges higher birth rate,surprise,25
71,Apple set for massive market gains,joy,25
72,Tumor Types May Explain Survival Rates for Cancer,sadness,25
73,Routine mission turns into hunt for missing comrade,sadness,25
74,Bad weather slows S.Korean search for Russian ship,sadness,75
75,Tailors and housewives busy as Muslims celebrate Eid,joy,75
76,Active peace brings the promise of development,joy,75
77,Abbas condemns Israeli massacre in northern Gaza Strip,disgust,75
78,"Bangladesh ferry sinks, 15 dead",sadness,75
79,Bucs find a new kick in life,joy,25
80,Google to unveil election mashup,surprise,25
81,Police warn of child exploitation online,disgust,75
82,Breast Cancer Awareness is Important,fear,25
83,Hungary police tackle violent protestors,sadness,25
84,Three drivers had reason to be proud in Brazil,joy,75
85,Celebrities Protest Malibu Gas Facility,joy,25
86,Lebo: A life lived on the edge,anger,25
87,"Presto! He's Batman, then magic man",surprise,25
88,"Heavy use of mobile phones can make men infertile, scientists say",fear,75
89,Russian ship sinks in Pacific,sadness,100
90,China Successfully Launches Two Satellites,joy,100
91,Prestige has magic touch,joy,25
92,"Lies, damned lies, and divorce",sadness,100
93,Manning inspires Giants to victory in Dallas,joy,100
94,Riot warning for France suburbs,sadness,100
95,Full recovery expected for marathon winner,joy,100
96,Sony apologises for global battery recall,sadness,25
97,Questions on credit card safety,fear,25
98,Budapest calm after night of violent protests,anger,25
99,Vegetables May Boost Brain Power in Older Adults,joy,100
100,Report criticises US press freedoms,anger,25
101,French suburb riots could resume,fear,100
102,Photographer kidnapping condemned,disgust,100
103,Photographer kidnapped in Gaza,disgust,100
104,Baseball: Rogers enjoys his muddied streak,joy,100
105,"Cultural revolutionary, the iPod is five",joy,100
106,Life on Mars? Maybe We Missed It,surprise,25
107,Three found alive from missing Russian ship -report,joy,100
108,Moderate drinking reduces men's heart attack risk,joy,100
109,The sweet tune of an anniversary,joy,100
110,Inconvenient truths,anger,25
111,Dating difficult for Harry Potter,surprise,25
112,Students lose their rite of passage,sadness,25
113,Putin vows to tackle illegal immigration,anger,25
114,Ottawa must redefine 'terror',fear,100
115,"Britain to Limit Workers from Romania, Bulgaria",fear,25
116,Top General Optimistic on Iraq,sadness,100
117,Kim Osorio Wins Sexual Harrassment Suit Against The Source,joy,25
118,Silly and substantial,joy,25
119,Official laughs for Borat,joy,25
120,Speaker Hastert testifies before panel probing sex scandal,disgust,25
121,On Educating Sexes Separately,anger,25
122,Tom Cruise and Katie Holmes set wedding date,joy,100
123,Martian Life Could Have Evaded Detection by Viking Landers,surprise,25
124,Ukraine gas deal marred by fears,fear,100
125,Marathon victory comes at heavy cost,joy,100
126,College tuition continues climbing,anger,100
127,German paper shows soldiers desecrating skull,disgust,100
128,"War is close, Ethiopia tells Somali rebels",fear,100
129,Advantage Cardinals with Suppan in Game 4,joy,25
130,NASA spacecraft to measure Sun,joy,25
131,"Sony Hates Europeans, Will Prevent The Importing of PS3",anger,25
132,Flu Vaccine Appears Safe for Young Children,joy,100
133,Google To Launch Yet Another Search Tool,joy,25
134,Tropical Storm Paul's Outer Bands Hit Mexico's Baja California,sadness,100
135,Israeli Bomblets Plague Lebanon,fear,100
136,"New Indonesia Calamity, a Mud Bath, Is Man-Made",anger,100
137,U.S. Weighs Sanctions Against North Korea,anger,100
138,"Rice, in Baghdad, Insists That Iraqis Are",anger,25
139,Senator Says U.S. Should Rethink Iraq Strategy,sadness,25
140,German Chief Forges Accord on Financing Health Care,joy,25
141,Turkish Writers Say Efforts to Stifle Speech May Backfire,anger,100
142,Kurdish Lawmaker Killed in an Attack in Baghdad,fear,100
143,Anti-U.S. Attack Videos Spread on the Internet,anger,100
144,"Women Face Greatest Threat of Violence at Home, Study Finds",disgust,100
145,Appeal by Chinese Researcher for Times May Soon Be Heard,joy,25
146,Brazil Air Force Cites Faults and Confusion in Fatal Crash,sadness,100
147,A Mix of Oil and Environmentalism,fear,25
148,Immigrants and French Reach Deal in Standoff,joy,100
149,Genghis Khan Beer? Mongolia Grimaces,anger,25
150,Dead Bachelors in Remote China Still Find Wives,surprise,25
151,"Managua Journal: Hold the Mojito and Margarita, Nicaragua Has el Macu",anger,25
153,Paris Journal: Smoking No Longer Tres Chic in France,joy,100
154,An Old Letter Casts Doubts on Iran's Goal for Uranium,surprise,100
155,U.S. Warns North Koreans About Nuclear Test,fear,100
156,Global Sludge Ends in Tragedy for Ivory Coast,sadness,100
158,Equipment on Plane in Brazil Collision May Have Been Faulty,sadness,100
159,"New Indonesia Calamity, a Mud Bath, Is Man-Made",sadness,100
160,Iraqi Journalists Add Laws to List of Dangers,fear,100
161,U.N. Force Is Treading Lightly on Lebanese Soil,fear,25
162,Cleric Said to Lose Reins Over Part of Iraqi Militia,sadness,100
163,"Citing Spy Agencies' Study, Democrats Seek Iraq Changes",surprise,25
164,Opera Canceled Over a Depiction of Muhammad,sadness,25
165,Military Officials Add to U.S. Criticism of Iraq's Government,joy,25
166,Teacher in Hiding After Attack on Islam Stirs Threats,fear,100
167,Combative Bush Releases Parts of Terror Study,fear,100
168,Growing Unarmed Battalion in Qaeda Army Is Using Internet to Get the Message Out,fear,100
169,"Iraqi Linked to Sunni Bloc Is Held in Plot, Military Says",fear,100
170,"Seduced by Snacks? No, Not You",disgust,25
171,Friends for Life: An Emerging Biology of Emotional Healing,joy,100
172,"Alzheimer's Drugs Offer No Help, Study Finds",sadness,100
173,"Across Europe, Worries on Islam Spread to Center",sadness,100
174,Cooking Defines Sephardic Jews at Sukkot,joy,100
175,"Fitness: Bodies in Motion, Clean and Sober",joy,100
176,In God's Name: Religion-Based Tax Breaks: Housing to Paychecks to Books,joy,25
177,"Yankee Dies in Plane Crash, Official Says",sadness,100
178,An Elephant Crackup?,sadness,25
179,"With YouTube, Grad Student Hits Jackpot Again",joy,100
180,Dow flirts with record highs again,joy,100
181,Tropical Storm Isaac forms in Atlantic,fear,100
182,New Iraq terror tape calls for abducting foreigners,fear,100
183,'Deep regret' for ex-HP exec,sadness,100
184,'Opportunity' knocks on geologist's dream crater,joy,25
185,Squirrel jumps boy in park;  rabies suspected,surprise,100
186,Girl left comatose after dental visit dies,sadness,100
187,Porn star candidate campaigns on campus,disgust,25
188,School ends football season after 0-4 start,sadness,25
189,Charlie Sheen to become highest-paid sitcom star,joy,100
190,Jon Stewart mocks benefits of CNN's I,surprise,25
191,Ashton Kutcher tells secret to Ryan Seacrest,surprise,25
192,Nails-on-chalkboard study earns Ig,disgust,25
193,Gunman 'fine' before shooting,sadness,25
194,Marijuana may stave off Alzheimer's,surprise,100
195,Kentucky seeks alcohol huffing ban,joy,25
196,Toddler died from tainted spinach,sadness,100
197,Judge dismisses Karr's porn case,surprise,25
198,10 die in 22-hour Kashmir standoff,fear,100
199,Slain Amish girls laid to rest,sadness,100
200,"5,000 flee plant fire",fear,100
201,Cher auction fetches double pre-sale estimates,joy,100
202,Stars scuffle on 'Grey's Anatomy',disgust,25
203,Probe under way in Yankee crash,sadness,100
204,Amish schoolhouse torn down,sadness,100
205,Warner will not run in '08,sadness,25
206,Reid land deal under scrutiny,surprise,25
207,"Flooding washes out road to Valdez, Alaska",sadness,100
208,Briton admits U.S. bomb plot role,sadness,25
209,Commentary: Minutemen have a right to be idiotic,anger,25
210,Madonna files adoption papers,joy,25
211,Gunmen kill 9 at Iraqi TV station,fear,100
212,Hastert sorry for scandal but not quitting,sadness,25
213,Ex-JonBenet suspect: Child porn case dropped,anger,25
214,"Waste plant fire forces 5,000 to evacuate",sadness,100
215,Toddler died from E. coli tainted spinach,sadness,100
216,Disturbing finds in child sex raids,disgust,100
217,Magazine lists women who had abortions,anger,100
218,"Pot smokers may avoid Alzheimer's, study says",surprise,100
219,Student starts white men's club on campus,sadness,25
220,Kentucky wants to ban alcohol inhalers,surprise,25
221,Peter Pan flies into chapter two,surprise,25
222,Teen repellent inventor wins infamous prize,joy,100
223,"Cher's dress, car, bed have new owners",joy,25
224,"Dow hits new record, eyes 12,000",joy,100
225,Ex-Virginia gov not running for president,surprise,25
226,Yankee pitcher's pilot log found,surprise,25
228,Dem leader's $1 million land deal under scrutiny,anger,25
229,"Dad locked up son, watched on TV, police say",sadness,25
230,Navarrette: Minutemen have a right to be idiotic,sadness,25
231,"Pit bulls jump miniature pony, leave her bloody",sadness,25
232,Alaska town cut off from rest of state by flood,fear,100
233,Trailblazing trio protects City by the Bay,joy,25
234,Madonna files adoption papers in Malawi,joy,100
235,'Dr. McDreamy' choked in 'Grey's' scuffle,sadness,100
236,"$10,000 poetry prize awarded",joy,100
237,Las Vegas honour for tiger pair,joy,100
238,UK characters boosting box office,joy,100
239,Cher items snapped up at auction,joy,25
240,Griffiths scorns Withnail 'play',disgust,25
241,Lily Allen wins web music award,joy,100
242,Costner appeals in casino wrangle,anger,100
243,Beyonce copyright claim rejected,anger,25
244,Cohn gunman jailed for 36 years,joy,25
245,Melua's deep sea gig sets record,joy,100
246,Sri Lanka clashes kill 129 troops,sadness,100
247,Gunmen kill 11 in Iraq TV raid,sadness,100
248,Italy drops Sicily bridge plans,surprise,100
249,Amish killings school demolished,sadness,100
250,Pamuk wins Nobel Literature prize,joy,100
251,Madonna adoption bid approved,joy,100
252,Man admits UK-US terror bomb plot,fear,100
253,Who are you calling fat?,disgust,25
500,Test to predict breast cancer relapse is approved,joy,100
501,"Two Hussein allies are hanged, Iraqi official says",sadness,100
502,Sights and sounds from CES,joy,25
503,Schuey sees Ferrari unveil new car,joy,100
504,Closings and cancellations top advice on flu outbreak,fear,25
505,Trucks swallowed in subway collapse,sadness,100
506,Sarkozy letter surprises French cartoons hearing,surprise,100
507,"Building a memorial to a son, one child at a time",sadness,25
508,Lawmaker seeks iPod ban in crosswalks in New York,surprise,100
509,Diabetic waits months for eyeglasses,sadness,100
510,Sudan tells United Nations envoy to leave in 72 hours,surprise,100
511,5000 years on but couple still hugging,surprise,100
512,Defense to challenge Russert's credibility,surprise,25
513,"Ozzy, a Hero for the hard-rocking masses",joy,25
514,CIA leak trial summary,surprise,25
515,Dance movie takes over No. 1,joy,100
516,Asian nations urge Myanmar reform,surprise,25
517,"After Iraq trip, Clinton proposes war limits",joy,100
518,7 dead in apartment building fire,sadness,100
519,Male sweat boosts women's hormone levels,surprise,100
520,Carphone Warehouse's mixed signals,surprise,25
521,Democrats plot Bush troop increase censure,surprise,25
522,Cisco sues Apple over iPhone name,anger,100
523,BB star Jackson denies Goody comments,disgust,25
524,Inter Milan set Serie A win record,joy,100
525,US Airways boosts bid for Delta,surprise,25
526,Press sees hope in Mecca talks,joy,100
527,Bears fan loses bet and changes name,surprise,25
528,Global National; Major child porn ring bust,disgust,100
529,'Human hair' clue in hunt for airliner,surprise,25
530,Johnny Depp to make movie of spy poisoning,joy,100
531,Really?: The claim: the pill can make you put on weight,surprise,100
532,5 money makeovers,joy,25
533,TBS to pay $2M fine for ad campaign bomb scare,fear,100
534,"""Stomp the Yard"" has winning moves in its weekend debut",joy,100
535,"Discovered boys bring shock, joy",surprise,100
536,Bernhard set to leave Volkswagen,sadness,100
537,Pacers' Jackson misses gun hearing,fear,25
538,Cases: when the simple solution is the right one,joy,25
539,Two Muslim groups sue French newspaper International,anger,100
540,Golden Globes on their way,joy,100
541,"At New OZZFEST, Freedom Ain't Free",surprise,25
542,Federer handed tough Aussie draw,sadness,25
543,Protesters end strike as Nepal PM concedes demands,joy,100
544,Turner pays for Boston "bombing",fear,25
545,Two detained in body parts mailing,disgust,100
546,Essay: about that mean streak of yours: psychiatry can do only so much,sadness,25
547,Hussein's niece pleads for father's life,sadness,100
548,Sarkozy heads for clash in cartoons row,anger,25
549,Global web of suspects in child-rape download,anger,100
550,Blake defeats Moya to retain title,joy,25
551,"Storms kill, knock out power, cancel flights",fear,100
552,Aquarium puts ailing beluga whale to sleep,sadness,100
553,"Microsoft, Sony, we have a problem",surprise,25
554,A police state? The issues,fear,100
555,Move to ban iPods from crossing the street,surprise,25
556,India's Taj Mahal gets facelift,joy,100
557,Cheney to Congress: Can't run Iraq war by committee,anger,100
558,Ganguly handed India squad call-up,joy,25
559,Fortune: Looking beyond the iPhone,joy,25
560,Really?: The claim: the back seat of a car is the safest place to sit,surprise,100
561,Vaccine mandate upsets legislators,anger,25
562,News analysis: Iranian boast is put to test,fear,25
563,Panel issues bleak report on climate change,fear,100
564,Virtual 'American Idol' hits right notes,joy,100
565,"Iraq car bombings kill 22 People, wound more than 60",sadness,100
566,'Stomp' steps to No. 1 at box office,joy,100
567,Google executive acts as goodwill envoy,joy,100
568,Filipino woman kidnapped in Nigeria,fear,100
569,"Seahawks, Bears vie for shot at NFL title",joy,25
570,Brown not buried as estate issues loom,sadness,100
571,Will Rob Cohen Direct Third 'Mummy'?,surprise,25
572,EU will urge China to go green,joy,25
573,17th-Century Remedy; 21st-Century Potency,surprise,25
574,Forecasters expect toasty 2007,fear,25
575,'Sunshine' Goydos wins Sony open,joy,100
576,Teacher charged with sex assault,disgust,100
577,Merck: Gardasil may fight more strains,joy,25
578,"Mountain glaciers melting faster, United Nations says",fear,100
579,Snow causes airport closures in Britain,sadness,25
580,Bananaconda inventor is top poet of kids,joy,100
581,Shareholders sue Apple,anger,100
582,Israelis retaliate after attack by Lebanese Army,fear,100
583,Deadly bird flu confirmed in British Turkeys,fear,100
584,Too little sleep may mean too fat kids,surprise,100
585,Bathing mom awakes to find baby dead,sadness,100
586,Visitors to Eiffel Tower climb to record in 2006,joy,100
587,"More sleep, healthier slimmer children",surprise,100
588,Queen battles Bond for Baftas,joy,25
589,"Walters on Trump: 'Poor, pathetic man'",sadness,25
590,"Ice storm smacks roads, power",fear,100
591,Iran says it will strike US interests if Attacked,fear,100
592,Palestinian factions to resume talks,joy,100
593,Study: men's sweat triggers high sexual arousal in women,surprise,100
594,Outcry at N Korea 'nuclear test',fear,100
595,Russia plans major military build-up,fear,100
596,Archaeologists find remains of couple locked in a hug,surprise,100
597,Stenson defends his title at Dubai,joy,100
598,Taking the plunge,fear,25
599,Updates on world's top stories,joy,25
600,Man rides stationary bike for 85 hours,surprise,100
601,Ice storm coating Midwest,fear,100
602,A Mistrial for Lieut. Watada,anger,25
603,Iran warns will hit back at US if attacked,fear,100
604,ASEAN talks end on energy-security,joy,25
605,"Iraqi death toll exceeded 34,000 in 2006, United Nations says",sadness,100
606,Israel intensifies military flights over Lebanon,fear,100
607,New gadgets galore at tech show,joy,100
608,Another death at Georgia Aquarium,sadness,100
609,US to urge Nato Afghan spring offensive,fear,100
610,UK letter bombs may be from extremist drivers,fear,100
611,Asia seeks breakthrough on North Korea,surprise,25
612,Federer overcomes a ragged start,joy,100
613,Rowdy fans ejected from the Open,anger,25
614,Terai protesters hail 'historic' victory over government,joy,25
615,Anger at release of two held over beheading plot,anger,100
616,Bush adamant on troops to Iraq,anger,100
617,Bebe Neuwirth gets to 'wiggle again',joy,100
618,Beckham to L.A.: For the game not fame,joy,25
619,Sleep more to fight childhood obesity,surprise,25
620,Abbas rejects temporary state,sadness,25
621,Investigation of child porn site hits 77 nations,disgust,100
622,Sleuths close in on Odysseus home,surprise,25
623,Variety: Johnny Depp to make movie of spy poisoning,surprise,25
624,Ice storm cripples central U.S.,fear,100
625,Park stars as United maintain lead,joy,100
626,Prehistoric Romeo and Juliet discovered,surprise,100
627,India's famous landmark gets facelift,joy,100
628,Joseph Wambaugh's new start,joy,25
629,Participant in water-drinking contest dies,sadness,100
630,Apple drops bombshell with iPhone,surprise,100
631,Bollywood's 'Brangelina' engaged,joy,100
632,"Shiite fighters arrested in crackdown, Iraq says",fear,100
633,"Rio De Janeiro journal: drawing lines across the sand, between classes",sadness,25
634,Models' health guidelines -- will they help?,surprise,25
635,Stepping back in time at ski resort,joy,25
636,Test cricketer jailed over killing,sadness,25
637,Walnuts 'combat unhealthy fats',joy,25
638,Apple to Vista upgraders: 'Wait',surprise,25
639,Injured Sarwan to miss one-dayers,sadness,100
640,Firms on alert for letter bombs,fear,100
641,Studios sign off on movie downloads,surprise,25
642,Asif returns with four-wicket haul,joy,100
643,"Bush authorized Iranians' arrest in Iraq, Rice says",anger,100
644,Porn ring scandal reaches Australia,disgust,100
645,Deputy health minister arrested in US-Iraqi raid,sadness,100
646,Senator Carl Krueger thinks iPods can kill you,surprise,100
647,"Finally, Senate okays anti-terror bill Manila",joy,100
648,Somalia declares state of emergency,fear,100
649,Matt shines with his Alpine finish,joy,100
650,BP CEO Browne to step down in June,sadness,25
651,An iPhone by any other name? Surely not,surprise,25
652,Life in Gaza steadily worsens,sadness,100
653,The energy challenge | Exotic visions: how to cool a planet (maybe),surprise,25
654,"Easy ways to (really) save $400,000",joy,100
655,Shareholders sue Apple,anger,25
656,Findings: Can humanity survive? Want to bet on it?,fear,100
657,Iran steps up production of weapons-grade uranium,fear,100
658,Rig-threat cargo ship towed ashore,fear,25
659,Palestinians say clashes hurt their cause,sadness,100
660,Male sweat can raise hormones,surprise,100
661,Vital Signs: Hazards: Antidepressant linked to fractures in older people,surprise,100
662,Peron held over '70s rights abuses,sadness,100
663,Space life search turns to TV,surprise,25
664,"Super Bowl ads of cartoonish violence, perhaps reflecting toll of war",sadness,100
665,YouTube told to drop celeb sex video,surprise,25
666,Beckham& Posh and more athlete-celebrity couples,joy,100
667,City sets up ice storm shelters,fear,100
668,Libby prosecutors await judge's rulings,sadness,25
669,Review: 'Alpha Dog' misses the point,sadness,25
670,Republicans plan to block Iraq debate,anger,100
671,Mixed reaction to China's Africa push,surprise,25
672,Snowed in the Canadian Rockies,joy,25
673,"Skip the showers: male sweat turns women on, study says",surprise,100
674,Gently Weeps' lyrics sheet up for sale,joy,100
675,Canete wins inaugural Joburg Open,joy,100
676,Rights group halts violent Nepal strikes,joy,100
677,Real suffer Carlos injury setback,sadness,100
678,Astronaut may have buckled under stress,sadness,100
679,Gunmen abduct Filipino woman in Nigeria,fear,100
680,NFL team's fan of the year: 'Flag Lady',joy,100
681,No 10 rejects police state claim,surprise,25
682,Malaysian AirAsia X to fly in July,joy,100
683,10 kidnapped at Nigeria oil base,fear,100
684,Guy sweat is babe magnet,surprise,100
685,Township tourism booming in South Africa,joy,100
686,'Alpha Dog' misses the point,surprise,25
687,Iran leader pays Nicaragua a visit,surprise,25
688,"'Grey's,' 'Pirates' lead People's Choice",joy,100
689,Terror network,fear,100
690,Now it's official: Iraq's a mess,sadness,100
691,Snow brings travel misery to England,sadness,100
692,James Brown's 5-year-old son left out of will,surprise,100
693,Two men killed by London tube train,sadness,100
694,US millions fail to buy influence in deadly Gaza power play,sadness,100
695,PLO ministers agreed upon in Mecca,joy,25
696,Squadron apologies over 'friendly-fire' death,sadness,100
697,New Orleans violence sparks tourism fears,fear,100
698,Friendly fire pilot 'experienced',fear,25
699,SPACE.com: Black hole triplets spotted,surprise,100
700,Vaccines: Mandate or choice?,surprise,25
701,"Congolese soldiers riot, loot over pay issue",anger,100
702,Commodities lead Europe higher,joy,100
703,Ingredient in male sweat raises women's hormone levels,surprise,100
704,Goetschl ends Austrian win drought,joy,100
705,Doomsday Clock ticking away,fear,100
706,Troops massing around Somali town,fear,100
707,Tariq Ramadan has an identity issue,surprise,25
708,Peretz orders IDF to respond with force to north border attacks,anger,100
709,Trains crash near Thai resort town,sadness,100
710,"Hamas, Fatah return to unity gov't talks in Mecca",joy,25
711,Pats' fourth-quarter rally finishes Chargers,joy,25
712,7 Die As US Helicopter Crashes in Iraq,sadness,100
713,Millionaire secret Santa dies,sadness,100
714,Morrissey may cheer up Eurovision,joy,100
715,Christian values guide Dungy and the Colts,joy,25
716,Israeli woman's tirade spurs PM outrage,anger,100
717,Passing exchange becomes political flashpoint,anger,25
718,Police probe 2 church fires half mile apart,sadness,100
719,Italy to try US soldier for agent's Iraq death,anger,100
720,Depp to star in spy poisoning film,joy,25
721,'24's' Jack Bauer returns,joy,100
722,US Airways boosts bid for Delta,surprise,100
723,"Even before its release, world climate report is criticized as too optimistic",fear,25
724,"Second hanging also went awry, Iraq tape shows",sadness,100
725,Howell takes one shot lead in Sony Open,joy,100
726,Psych checks reviewed after astronaut's crack-up,sadness,100
727,"Pap Test, a mainstay against cervical cancer, may be fading",surprise,100
728,Martins leads Newcastle fightback,joy,25
729,PS3 pricey but impressive,joy,100
730,Pluto's revenge: 'Word of the Year' award,joy,100
731,European Space Agency,joy,25
732,Hackers strike at key Internet servers,anger,100
733,Hussein co-defendants executed,sadness,100
734,Memo from Frankfurt: Germany relives 1970s terror as 2 seek release from jail,fear,100
735,Blissing out in Ojai,joy,100
736,"Houston, she's got some problems",sadness,25
737,Amazon.com has 'best ever' sales,joy,100
738,Hackers attack root servers,anger,100
739,Video games can improve your vision,surprise,100
740,Internet attacked! (Did anyone notice?),surprise,100
741,"In Washington, contractors take on biggest role ever",surprise,25
742,Floods force Malaysia evacuations,sadness,100
743,"On MySpace, girls seek friends, boys flirt",surprise,25
744,Tests of drug to block H.I.V. infection are halted over safety,fear,100
745,Zoo polar bear to have root canal,sadness,25
746,Europe take big Royal Trophy lead,joy,100
747,Israel to install cameras to show live Mughrabi footage,joy,25
748,'We lit our last candle yesterday',sadness,25
749,Google buys YouTube for $1.65bn,surprise,100
750,PSP number one Sony platform in Japan,joy,25
751,England include Giles in WC squad,joy,25
752,Beckham 'won't play again for Real',sadness,25
753,Eight years for Damilola killers,sadness,100
754,PC World editor slain at California home,sadness,100
755,Hands on 'Doomsday Clock' move forward,fear,25
756,Zach Braff says he has 'mild depression',sadness,25
757,Investigation of child porn site hits 77 nations USA Today,disgust,100
758,Science panel calls global warming unequivocal,fear,100
759,News Baby pandas! Baby pandas! Baby pandas!,joy,100
760,Get ready for the earnings,joy,100
761,Germany agonizes over a brain drain,sadness,100
762,Iran and Nicaraguan leaders meet,joy,25
763,Secret hotels in Irish countryside,surprise,100
764,Fine wines in British Columbia,joy,25
765,Philippine president welcomes Senate approval of anti-terror bill,joy,100
766,"Small jet crashes on takeoff, killing 2",sadness,100
767,"Bigger, more aggressive rats infesting UK",fear,100
768,Travel+Leisure: Next island hot spot: St. Lucia,joy,100
769,Real Mallorca rock leaders Sevilla,joy,25
770,Iran's boast on uranium enrichment is put to test,fear,100
771,"Personal health: for teenagers, the car is the danger zone",fear,100
772,Bird watchers flock to see rare owl,joy,100
773,Eye on cosmos is lost to short circuit on hubble,sadness,100
774,Too young for this: facing cancer under 40,sadness,100
775,Unilever group names new chairman,joy,25
776,Minister slams airlines on carbon,anger,25
777,Rare optimism as North Korea talks reach crossroads,joy,100
778,Man beheaded in southern Thailand,sadness,100
779,China's 'nightmare scenario',fear,100
780,Annual diving contest in South Korea proves a chilly challenge,surprise,25
781,Blair says he regrets delays in British soldier's inquest,sadness,100
782,Iraqi forces detain official suspected in Shia conspiracy,fear,100
783,Wellcome awards anti-fat research,joy,100
784,Fingers crossed for North Korea,joy,25
785,"No intention of war with Iran, US says",joy,25
786,What Newsom faces in aftermath of scandal,fear,25
787,Maggie Gyllenhaal's Globes babysitter: Mom,joy,25
788,"As inflation soars, Zimbabwe economy plunges",sadness,100
789,Pledge: I was abused in frat hazing,disgust,100
790,Experts: Fear likely shackled boy,fear,100
791,What's behind the chopper crashes in Iraq,fear,100
792,Freed Muslim terror suspect says Britain is "police state",fear,100
793,Blair apologises over friendly fire inquest,sadness,100
794,Depp 'to make Litvinenko movie',joy,25
795,Why gas follows oil up but not down,surprise,25
796,"'Cravings' still there, sez Tara",joy,25
797,Bill would strip convicted legislators of pensions,sadness,25
798,Bears watch as lead slips away,sadness,25
799,"In clue to addiction, brain injury halts smoking",surprise,100
800,"In rigorous test, talk therapy works for panic disorder",joy,100
801,Rice: U.S. won't pull plug on Iraq,joy,25
802,"On road to Kosovo independence, a warning: go slow",fear,25
803,Mistrial for officer who refused to go to Iraq,sadness,25
804,Rebels to join Nepal parliament,surprise,100
805,"EMI warns on profits, boss goes",fear,25
806,Subway collapse caught on camera,sadness,100
807,Stinky but true: men's sweat is made for love,surprise,100
808,POLITICS-US: reprieve for officer who denounced "Immoral War",joy,25
809,Hunters stalk world's tallest trees,sadness,25
810,Fuel spill may lead to missing jet,fear,100
811,"Sri Lanka floods displace 60,000",sadness,100
812,"Justin Timberlake, Cameron Diaz announce split",sadness,100
813,Iran to hit US interests if attacked,fear,100
814,Israel says hopes to keep Lebanon border calm,joy,100
815,Cisco sues Apple over iPhone name,anger,100
816,Two Palestinians killed near fence,sadness,100
817,EarthLink CEO dies at age 49,sadness,100
818,"A star dies, a family feud is born",sadness,100
819,"Carter was a disaster, said Ford",anger,100
820,Super Bowl MVP Manning insists he's one of the guys,joy,25
821,Personal health: the importance of knowing what the doctor is talking about,fear,25
822,Israel's Peretz urges halt to contentious Jerusalem construction,anger,25
823,Peter Jackson will never work for me again,anger,100
824,U.S. keeps Iran options open,joy,25
825,European shares hit fresh highs,joy,100
826,"For women, nothing's like the smell of men's sweat",surprise,100
827,Looking beyond the iPhone,surprise,25
828,Freed kidnap suspect: my terror at police raid,fear,100
829,"Far away, Super Bowl's losers will be champs",joy,100
830,Woman dies after water binge,sadness,100
831,Mancuso sparks U.S. celebrations,joy,100
832,ASEAN urges North Korea resolution,fear,25
833,Late penalty costs Roma the points,sadness,25
834,Mistrial declared in teacher-student rape case,sadness,100
835,'Bookworm Adventures' wordsmith's joy,joy,100
836,Kylie's love split,sadness,100
837,iPod good for video games,joy,25
838,Review: virtual 'American Idol' hits right notes,joy,100
839,Leo battles himself,joy,25
840,Attorneys point fingers in fight between Ryan O'Neal and son,anger,100
841,John Grisham set for court drama,fear,25
842,"Bill Gates and Craig Mundie: vista is Secure, employees are not",surprise,25
843,Iraqis fault delayed U.S. plan in attack,anger,25
844,Boy Scouts blamed for starting wildfire,fear,100
845,China urges UN action on N Korea,fear,25
846,"Scorpion on a plane, a pantful of pain",fear,100
847,Male sweat boosts women's hormone levels,surprise,100
848,Mbeki on the big visit from the Chinese,surprise,25
849,French right nominates Sarkozy,joy,25
850,"Israeli, Lebanese clash on border",fear,100
851,North Korea claims nuclear test,fear,100
852,Talks begin on Somalia peacekeepers,joy,100
853,Action games improve eyesight,surprise,100
854,"A small part of the brain, and its profound effects",surprise,25
855,IDF shells Lebanese Army positions across northern border,fear,100
856,Thailand: missing 25 years after taking wrong bus,sadness,100
857,Ballerina sparks anti-fascist row,anger,25
858,Internet boom in China is built on virtual fun,joy,100
859,Review: PS3 pricey but impressive,joy,100
860,Machinery orders drive Asia upward,joy,100
861,'Lost's' Fox: 'I'm a liar and a cheat',disgust,100
862,Russia to strengthen its military muscle,fear,100
863,"At Libby trial, Russert of NBC gives and gets",fear,25
864,North Korea ready to discuss first steps to nuclear resolution,joy,100
865,Victim: Gunman bought drink after shooting,surprise,100
866,Ferrer victorious in Spanish duel,joy,100
867,UK workers on alert for letter bombs,fear,100
868,Did NASA accidentally kill life on Mars?,surprise,100
869,"New vaccine for cervical cancer could prove useful in men, too",joy,100
870,Search on for victims of subway collapse,sadness,100
871,Human error caused Helios crash,sadness,100
872,US to prod NATO allies for more troops to defeat Taliban,fear,100
873,Microsoft supports OpenID authentication standard,joy,25
874,No buyer in sight for Napster,sadness,25
875,"Briefly: preloaded iPods, Wal-Mart movies, Apple stores",joy,25
876,China says rich countries should take lead on global warming,sadness,25
877,North Korea may begin to dismantle nukes,joy,100
878,Tracking down hi-tech crime,joy,100
879,Barack Obama formally announces bid for president,joy,25
880,Kidnappers seize two in Nigeria,fear,100
881,"Indonesia may sell, not give, bird flu virus to scientists",fear,25
882,Attack video saddens "friendly fire" widow,sadness,100
883,Europe retain trophy with big win,joy,100
884,Cutting edge accessories for digital music players,joy,25
885,Ice storm descends on central U.S.,fear,100
886,Snow brings travel misery to England,sadness,100
887,"Indonesia flood forces 340,000 from homes",sadness,100
888,Iraqi health minister seized in raid,surprise,100
889,Ice storm brings chaos in U.S.,fear,100
890,Stinky flower mystery solved,joy,100
891,Congressman rebukes U.S. allies for lack of support in Afghanistan,anger,100
892,Roddick overcomes Federer in final,joy,25
893,Prehistoric Romeo and Juliet discovered,joy,100
894,Donald and Goydos share Sony lead,joy,25
895,U.S. and Iraqis are wrangling over war plans,fear,100
896,Sea search for missing Microsoft scientist,sadness,100
897,Iran to Hit US Interests if Attacked,fear,100
898,Blair: Terror battle will be long,fear,100
899,Bear cub returned to the wilderness,joy,100
900,Carrefour sales growth falls short,sadness,25
901,"Allied with democrats, Lieberman easily aligns with Republicans",surprise,25
902,"In the Rockies, pines die and bears feel it",sadness,100
903,Iran to strike US interests if attacked,fear,100
904,"Nipple covers, other star secrets",disgust,25
905,Apple: no iTunes for you if you have Vista!,surprise,25
906,Smokestacks in a white wilderness divide Iceland,sadness,25
907,That'll cost ya,anger,25
908,Botched hangings in Iraq speed sectarianism,fear,100
909,Male sweat raises female hormones,surprise,100
910,7 GOP senators to force debate on troops in Iraq,joy,25
911,Bangladesh ends curfew amid unrest,joy,100
912,Italy's dispute with US over Iraq shooting,anger,100
913,Here come the Globes!,joy,100
914,Snow causes transport chaos in Britain,sadness,100
915,Snow causes airport closures in Britain,sadness,100
916,"Second opinion: girl or boy? as fertility technology advances, so does an ethical debate",surprise,25
917,Heavy snow causes travel chaos and shuts schools,fear,100
918,Barbaro's legacy: saving other horses,joy,25
919,Luxury digs in South Carolina's Lowcountry,joy,25
920,Dozens killed in Baghdad bombing,sadness,100
921,Ice storms kill 21 across nation,sadness,100
922,De Villiers takes over Dakar lead,joy,100
923,Vietnam becomes WTO's 150th member,joy,100
924,South African trio share advantage,joy,100
925,Observatory: poison begets poison,fear,25
926,Action intensity boosts vision,joy,100
927,Why the smell of a man's armpit is a turn-on,surprise,100
928,Nokia 5300 Xpress Music,joy,25
929,"Dell to cut bonuses, trim management",sadness,100
930,"Second drop in cancer deaths could point to a trend, researchers say",surprise,25
931,TV game shows go interactive,joy,25
932,Boy missing since 2002 found alive,joy,100
933,"US, North Korea signed nuclear memo",joy,100
934,Russia honors Sputnik designer,joy,100
935,"In Kenya's capital, a sense that danger is ever stronger",fear,100
936,"Bill, thanks for the RSA memories... and laughs",joy,100
937,Friendly fire pilot 'experienced',sadness,25
938,MySpace welcomes French friends,joy,100
939,Airlines: UK airport runway unsafe,fear,100
940,The amounts you have to pay for a bomb scare,fear,100
941,"In Egypt, Rice speaks softly",joy,25
942,"Weekly Nielsen Yvonne De Carlo, 'Munsters' star, dead",sadness,100
943,Senate votes to revoke pensions,sadness,25
944,EarthLink CEO dies at age 49,sadness,100
945,Software giant SAP misses target,sadness,100
946,Vital signs: mental abilities: folic acid may improve thinking skills,surprise,100
947,De Villiers stretches overall lead,joy,100
948,Families celebrate return of sons,joy,100
949,China detains 2 after body parts found in mail,fear,100
950,North Korea ready to discuss nuke disarmament,joy,100
951,"For women, nothing's like the smell of men's sweat",surprise,100
952,Nadal wants Australian Open crown,joy,25
953,Beijing journal: Olympic construction unearths ancient treasure trove,joy,100
954,"Chinese president arrives in Mozambique, African tour nearly over",joy,25
955,Reclusive 'Mockingbird' author attends show,joy,25
956,"Asia near pact on energy, security",joy,25
957,Philippine anti-terror law delayed until June,fear,25
958,Ex-suspect slams anti-terror laws,anger,100
959,Study detects a gene linked to Alzheimer's,joy,100
960,Panda cub makes her debut,joy,100
961,Harris haul puts South Africa on top,joy,100
962,Weight-loss drug to be sold over the counter,joy,25
963,Beckham outlines reasons for move,joy,25
964,Study finds gritty air raises heart disease risk in older women,surprise,25
965,"Venezuela, Iran fight U.S. dominance",anger,100
966,'Housewives' star Marcia Cross on bed rest,sadness,25
967,Blog: Here come the Globes!,joy,100
968,Greek police hunt embassy attackers,anger,100
969,Apple warns iTunes users to wait on Vista,surprise,25
970,Tsunami fears ease after quake,fear,100
971,China considers Eurobond reserves,joy,25
972,Underarm bowls them over,surprise,25
973,At least 130 die as blast levels Baghdad market,sadness,100
974,New McCain team made attack ads he once faulted,anger,25
975,Deaths as bird flu flares in Asia,fear,100
976,"Hamas, Fatah leaders pledge to meet until they reach agreement",joy,100
977,Officers had 'rapport' with alleged abductor,disgust,100
978,No e-Book for Harry Potter VII,sadness,25
979,Review: Nokia 5300 Xpress Music,joy,25
980,'Can't do this anymore'? Not Jack,surprise,25
981,Black hole triplets spotted,surprise,100
982,Israel weighs old city project webcast,surprise,25
983,Indonesian bird flu deaths hit 61,sadness,100
984,Somali refugees cut off from aid,sadness,100
985,Microsoft downplays Vista speech-recognition hack,joy,25
986,Next island hot spot: St. Lucia,joy,100
987,Italy to hold no-show trial of Bronx GI in Iraq slay,anger,25
988,Rescued boys parents hail 'miracle',joy,100
989,Canadians tracked in child porn ring,disgust,100
990,Teen hacks Venezuelan government Web sites,surprise,100
991,"Russia plans new ICBMs, nuclear subs",fear,100
992,Gere cheers sex workers in AIDS fight,joy,25
993,Study: Male sweat causes female hormones to rise,surprise,100
994,Collision on icy road kills 7,sadness,100
995,Surprise: China cuts price of gas,joy,100
996,What the Godfather of Soul meant to me,joy,25
997,New Mars orbiter spots Pathfinder landing site,joy,100
998,Mass Venezuela opposition rally,anger,25
999,Glamour -- and 'Borat' -- at Golden Globes,joy,100
1000,Terror officials see Al Qaeda chiefs regaining power,fear,100
1001,"Ivrea journal: In Italian town, a civics lesson from pelting neighbors",surprise,25
1002,Iraqi sunni lands show new oil and gas promise,joy,100
1003,Princess and heir of Franz Ferdinand fights to repeal a law and gain a castle,joy,100
1004,"A film star in Kampala, conjuring aminos ghost",fear,25
1005,Militants attack U.S. base in Iraq,fear,100
1006,North Africa feared as staging ground for terror,fear,100
1007,"Iran says Sunnis, using Pakistan as base, planned fatal bombing",fear,100
1008,Anglicans rebuke U.S. branch on same-sex unions,anger,25
1009,Homemade bombs kill 65 on Indian train,sadness,100
1010,Al Qaeda chiefs are seen to regain power,fear,100
1011,Chvez threatens to jail violators of price controls,anger,100
1012,Bush declares Iran's arms role in Iraq is certain,fear,100
1013,Accord on North Korea is announced,joy,100
1014,U.S. says powerful Iraqi cleric is living in Iran,fear,100
1015,"Baghdad plan is a success, Iraq prime minister tells Bush",joy,100
1016,Iraqi sunni lands show new oil and gas promise,joy,100
1017,"Dispute over Iraqi cleric, said to have gone to Iran",anger,25
1018,Planning seen in Iraqi attacks on U.S. copters,fear,100
1019,"In the world of life-saving drugs, a growing epidemic of deadly fakes",sadness,100
1020,Basics: a mammal in winter with a furnace of her own,surprise,25
1021,"Books on science: The problems in modeling nature, with its unruly natural tendencies",surprise,25
1022,Believing scripture but playing by science's rules,surprise,25
1023,"A familiar and prescient voice, brought to life",joy,100
1024,Findings : A cool $25 million for a climate backup plan,surprise,25
1025,Call it serendipity: a missing piece of Washington's war tent is found,joy,100
1026,"Free Will: Now you have it, now you don't",surprise,25
1027,Archaeologists find signs of early chimps' tool use,surprise,100
1028,Wizardry at Harvard: physicists move light,surprise,100
1029,The summit - a slap in the face of the Palestinians,disgust,25
1030,Moscow says Palestine-Israeli contacts key to Mideast peace,joy,25
1031,Mideast summit edns with little progress,sadness,25
1032,India decries 'an act of sabotage',fear,100
1033,Pakistan-India peace talks planned despite bombings,joy,100
1034,"Czechs, Poles get missile warning",fear,100
1035,Russia warns US against missile bases in East Europe,fear,100
1036,"Cheney starts visit to Japan, Australia",joy,25
1037,China: Cheney shores up the trilateral alliance,joy,25
1038,Iraq insurgents attack US base,fear,100
1039,US soldiers die in day of violence,sadness,100
1040,Iraqi suicide attack kills two US troops as militants fight purge,sadness,100
1041,Iran reneges on nuclear payments to Russia,fear,25
1042,Top Colombia official resigns,sadness,25
1043,Colombia FM resigns after relatives' arrests for militia links,sadness,25
1044,Foreign minister of Colombia quits in scandal,disgust,25
1045,New Zealand unlikely to allow crippled Japanese whaler,sadness,25
1046,Damaged Japanese whaling ship may resume hunting off Antarctica,sadness,25
1047,Japanese whaling ship won't accept help,disgust,25
1048,Iran top N-envoy heads for Vienna for nuke talks,joy,25
1049,Victims of Air India still wait for justice,sadness,100
1050,Kanishka bombing case: Inquiry judge threatens to quit,disgust,25
1051,Judge threatens to shut down Air-India inquiry,anger,100
1052,Royal rescues presidential hopes with commanding performance,joy,100
1053,Royal seeks to revive French bid,joy,25
1054,Sarkozy comfort zone offers a royal opportunity,joy,100
1055,"Hicks first in line for trial, Bush says",fear,25
1056,Australia tells Bush to speed up Guantanamo trial,surprise,25
1057,Howard presses Bush on terror suspect,fear,100
1058,France ends toxic alert at Canadian embassy in Paris,fear,25
1059,Paris police investigate package at Canadian embassy,fear,25
1060,False alarm at Canadian embassy in Paris,fear,25
1061,Afghan forces retake town that was overrun by Taliban,joy,100
1062,Taliban seize rural district in southwest as police flee,fear,100
1063,Afghan poppy war alienates farmers,sadness,100
1064,Will North Korea honor pledge this time?,joy,25
1065,Kim Jong-il bans Japanese cars in North Korea,surprise,25
1066,Iran vs. North Korea: not all enemies are equal,anger,25
1067,Catholic archbishop outlines Anglican merger hopes,joy,25
1068,Anglican and Catholic churches could merge,joy,100
1069,US helicopter crash kills 8 troops in Afghanistan,sadness,100
1070,Eight US soldiers killed in Zabul helicopter crash,sadness,100
1071,Arroyo lauds passage of anti-terror bill,joy,100
1072,House passes anti-terrorism measure Manila,joy,100
1073,Livingstone's transport empire may extend,joy,25
1074,"London is pace-setter on congestion toll, says mayor",joy,25
1075,Protest greets congestion charge's westward push,anger,25
1076,"Thailand attacks kill three, injure 70",sadness,100
1077,Thai Govt moves to smooth over relations with south,joy,100
1078,Bombings say Muslim rebels won't negotiate,fear,100
1079,Roots of autism more complex than thought,surprise,100
1080,Largest ever autism study identifies two genetic culprits,surprise,25
1081,Canadian breakthrough offers hope on autism,joy,100
1082,Beware of peanut butter pathogens,fear,25
1083,Experts offer advice on salmonella,joy,25
1084,Experts issue new heart disease guidelines for women,joy,25
1085,"For women, aspirin a day could keep stroke away",joy,100
1086,High cholesterol raises stroke risk healthy women,fear,100
1087,Cooked chicken breasts join tainted-food recalls,fear,100
1088,Ready to eat chicken breasts recalled due to suspected listeria,fear,100
1089,Fully-cooked chicken strips recalled,surprise,100
1090,Committee debates cancer vaccine plan,surprise,25
1091,Stop cancer with a shot,joy,100
1092,1 mln birds to be vaccinated from bird flu near Moscow,joy,100
1093,Thousands tested after Russian H5N1 outbreak,fear,100
1094,Russian bird flu outbreak is deadly "Asian strain",fear,100
1095,Bernard Matthews to lay off up to 500 workers,sadness,100
1096,Matthews lays off 130 turkey workers,sadness,100
1097,Reopening bird flu-hitfactory ignores risks - poultryman,fear,100
1098,Goodbye to girlhood,sadness,25
1099,Media cited for showing girls as sex objects,anger,100
1100,Sexualisation 'harms' young girls,anger,25
1101,A shot in the arm,fear,100
1102,Thousands line up to get late flu shots,fear,100
1103,King county offering some free flu vaccines,joy,100
1104,Bush vows cooperation on health care,joy,100
1105,Health returns as hot issue in '08 race,joy,100
1106,Small-business owners find Bush health plan appealing,joy,100
1107,Pediatricians say more cord blood is needed now,fear,25
1108,Whether to save cord blood can be puzzle for parents,surprise,25
1109,Retinal implant helping blind people see again,joy,100
1110,Indonesia "will not share" flu samples,surprise,100
1111,Health Canada issues advice on canned tuna,fear,25
1112,Cholesterol link in diabetes study,sadness,25
1113,Pig cells hope for diabetes cure,surprise,100
1114,Sick hearts switch on a fetal gene,surprise,25
1115,Foetal mechanism helps heart failure,surprise,100
1116,"Planned cesareans not risk-free, group warns",fear,100
1117,Scientists tout cocoa's health benefits,joy,100
1118,Feeding your brain: new benefits found in chocolate,joy,100
1119,Some cocoa may improve brain blood flow,joy,100
1120,Lawyer for deceased Nazi-era collaborator Papon vows to bury him,anger,25
1121,"Cocoa could be antidote to age-related diseases, says new study",joy,100
1122,China denies reports of North Korean apology,surprise,25
1123,Hungarian opposition calls for vote after violence escalates,anger,100
1124,AU regrets Sudan's expulsion of UN envoy,sadness,100
1125,Bush officials: no big move in Iraq plan,fear,25
1126,Opponent is put on the spot over remarks about Clinton,surprise,25
1127,House ethics panel talks to Hastert aide,joy,25
1128,BellSouth says profit rises 30% on cingular earnings,joy,100
1129,Enron boss gets 24-year sentence,sadness,25
1130,Sony apologizes for battery recall,joy,25
1131,Google unveils do-it-yourself search engine,joy,100
1132,Firefox 2.0 hits the Web,joy,100
1133,Oracle World opens with Dell unveiling AMD-powered computers,joy,100
1134,Seahawks' QB Hasselbeck out 2-4 weeks,sadness,25
1135,Marathon winner released from hospital,joy,100
1136,Punter charged with stabbing asks to live outside state,anger,100
1137,Allmendinger joining Toyota team in NASCAR,joy,100
1138,Trying to assess the damage in Cleveland,sadness,100
1139,Bryant's boot may have salvaged Bucs' season,joy,100
1140,This week in auto racing October 27 - October 29,joy,25
1141,Merriman violation stuns ex-teammate,surprise,25
1142,Bruce revells in upset,anger,25
1143,Steelers' Roethlisberger has concussion,sadness,100
1144,Arthurs upsets Robredo in first round at the St. Petersburg Open,surprise,25
1145,Mbeki: 2010 World Cup Planning on Track,joy,25
1146,Clinical Everton show Moyes means business,joy,25
1147,MS Adds Office 2007 to Vista Coupon Program,joy,100
1148,One search does not fit all,surprise,25
1149,Apple's dark secret? The 39% claim,surprise,25
1150,Bad weather cancels men's downhill,sadness,100
1151,Cool millions for YouTube founders,joy,100
1152,"London market a shopping, dining haven",joy,100
1153,'Jackass' star marries childhood friend The secrets people reveal,joy,100
1154,Audio Slide Show: A love story lasting 61 years,joy,100
1155,Microsoft to release next generation phone,joy,100
1156,Body Shop's Roddick has Hepatitis C,sadness,100
1157,Teen allegedly armed by mom turns self in,fear,100
1158,Oxfam: action needed for Chad,joy,25
1159,Violence continues at disputed holy site,sadness,100
1160,Storm leaves behind major travel troubles,sadness,100
1161,3 U.S. troops killed hunting weapons cache,sadness,100
1162,China's 'Friends' highlights Web freedoms,joy,100
1163,NATO: Afghanistan peace 'by 2009',joy,100
1164,Alaska's northern lights captivate Japanese,joy,100
1165,Smith can't be buried until hearing,sadness,100
1166,Spacewalker sets new U.S. record,joy,100
1167,Fortune: India the Superpower? Think again,surprise,100
1168,Kerry blasts 'escalation of misguided war',anger,100
1169,Anna Nicole claimant: A prince of a guy?,surprise,25
1170,'Ronnie' and Eto'o hug and make up,joy,100
1171,Best of the Chicago Auto Show,joy,100
1172,"'Grey's,' 'Betty,' 'Scrubs' get boost",joy,100
1173,Massive mud traps dozens of families,sadness,100
1174,"Edwards blogger quits, becomes journalistic martyr",surprise,100
1175,Town packs gym to mourn 10 killed in fire,sadness,100
1176,Spain ahead although Nadal is out,joy,100
1177,ECB holds rates at 3.5 percent,joy,25
1178,Iran rejects US claims of supplying weapons in Iraq,fear,25
1179,Jakarta begins disinfection,joy,100
1180,"Rowling 'heartbroken,' 'euphoric' at 'Potter's' end",sadness,100
1181,Apple revs up Mac attacks on Vista,disgust,25
1182,Fear hinders black marrow donation,fear,100
1183,Texan allegedly joined Somalia rebel plot,anger,100
1184,"U.S. to allow 7,000 Iraqi refugees",joy,25
1185,Japan: Whaling activists 'terrorists',fear,100
1186,'Hannibal' bites the big one,surprise,25
1187,Women protest Pakistan demolition,anger,25
1188,Wii news for gamers,joy,100
1189,Democrats look beyond symbolic vote on Iraq,joy,25
1190,Portugal to vote on abortion laws,surprise,25
1191,Frustration rises as North Korea nuclear talks stall,fear,100
1192,Horse teeth give details of ancient big chill,surprise,100
1193,Scam lures victims with free puppy offer,surprise,25
1194,Two Koreas to resume talks,joy,100
1195,Mickelson driving force at masters,joy,25
1196,England opt for Bopara over Loye,joy,25
1197,Create own 'Thrillville' for a wild ride,joy,25
1198,Edwards' campaign blogger quits amid Catholic controversy,surprise,25
1199,Judge: Preserve Anna Nicole's body,sadness,25
1200,"Dolphins, sea lions may report for duty soon",joy,25
1201,Nasdaq-LSE battle nears deadline,fear,25
1202,A personal plea for HPV vaccine plan,joy,25
1203,U.S. opens door for Iraqi refugees,joy,100
1204,Swiss plane crashes at Moscow airport,sadness,100
1205,Study: napping might help heart,joy,100
1206,MySpace sales surging,joy,100
1207,"Telecoms giant slashes 12,500 jobs",sadness,100
1208,Air France KLM profit rises,joy,100
1209,Uganda parliament votes to send troops to Somalia,fear,100
1210,King and queen reign at British film awards,joy,100
1211,Murphys rule box office with 'Norbit',joy,100
1212,Thousands rally in Lebanon,fear,100
1213,Yahoo's mission quest,joy,25
1214,Area should get 3-5 inches of snow today,joy,25
1215,Miss Brazil wins lawsuit competition,joy,100
1216,"Snow wreaks havoc in East, Midwest",sadness,100
1217,The secrets people reveal,surprise,25
1218,Research supports medicinal marijuana,surprise,100
1219,All African amputee football games kick off,joy,100
1220,Group: Video shows chopper go down,sadness,100
1221,Sale of Chrysler possible,joy,25
1222,Russia condemns terrorist acts on buses outside Beirut,sadness,100
1223,Technology may save India's river dolphins,joy,100
1224,Airbus A380 superjumbo takes off,joy,100
1225,Naps are great for chaps,joy,100
1226,Female astronaut sets record,joy,100
1227,Corn stoves popping up in U.S. homes,surprise,25
1228,Iraq closes borders with Syria and Iran,sadness,100
1229,The troubling ending of 'The Departed',sadness,25
1230,Vietnamese bank plans IPO listing,joy,25
1231,Toyota's Scion parks in Second Life,surprise,25
1232,Obama will run in 2008,joy,100
1233,'Cagney& Lacey' finally coming to DVD,joy,100
1234,Merkel: Stop Iran,fear,100
1235,Salt Lake City mall shooter was teenager,sadness,100
1236,Female astronaut sets record,joy,100
1237,Oil holds at $58,joy,25
1238,Obama announces presidential bid,joy,25
1239,Tell your boss: Naps are good for you,joy,100
1240,Serbia rejects United Nation's Kosovo plan,anger,25
1241,Amish discuss shootings,sadness,25
1242,"Jail me, I ate Ivory Coast chocolate",surprise,25
1243,Can North Korea be trusted?,fear,25
1244,Tourism lags in Bush's hometown,sadness,25
1245,Astronaut's arrest tests NASA's mettle,surprise,100
1246,Man gets second chance at space ride,joy,100
1247,"Go ahead, take a nap, science says",surprise,100
1248,Weekly Nielsen will 'Lost' find its way back?,joy,25
1249,Brith Airways baggage charges cause confusion,surprise,25
1250,Indonesian with bird flu dies,sadness,100
1251,St. Louis poised for entertainment upswing,joy,100
1252,New York City may ban iPods while crossing street,surprise,25
1253,Boy allegedly told to kill by mom gives up,sadness,100
1254,Gray wolves off endangered list,joy,100
1255,Vista's hyped security will be tested,joy,25
1256,UK police slammed over terror raid,fear,100
1257,Mogadishu residents flee blasts,fear,25
1258,Bomb kills 18 on military bus in Iran,sadness,100
1259,"'WarioWare,' Wii make perfect fit",joy,25
1260,U.S. at odds with cleric's aide,fear,25
1261,Desperate Iraqi mother relies on militia for help,sadness,100
1262,Full details of the EU report on Iran,surprise,25
1263,Singer on Cowell: Glad he was mean,joy,25
1264,Jones faces Europe meetings snub,sadness,25
1265,Beckham goal helps Real snatch win,joy,100
1266,Guinea: Plan offices close as country declares emergency,fear,100
1267,Japan's economy grows,joy,100
1268,United Nations peacekeepers raid Haitian slum,joy,25
1269,Work starts on Arctic seed vault,joy,100
1270,Social networking goes mobile,joy,100
1271,"Beauticians cut, curl, offer stroke-prevention info",joy,100
1272,"Siesta cuts risk of heart disease death, study finds",surprise,100
1273,Thomas Cook to merge with MyTravel,joy,25
1274,Nap your way to a successful career,joy,25
1275,Village buried by 100 inches of snow,sadness,100
1276,Oprah announces new book club pick,joy,100
1277,The science of love ... and lust,joy,25
1278,"Northeaster cancels flights, shuts schools",sadness,100
1279,Napping may be good for your heart,joy,100
1280,Ryan O'Neal injured son's girlfriend,sadness,100
1281,Chrysler's Valentine's Day massacre,sadness,100
1282,Madrid bombings trial begins,fear,100
1283,Fight starts over HPV vaccine,disgust,25
1284,Autos drive European gains,joy,100
1285,James Brown's partner can get her things,joy,25
1286,Auto show canceled,sadness,25
1287,UK luxury maker Burberry: 'Made in China'?,surprise,25
1288,On-the-job naps might cut heart risk,joy,100
1289,"No. 1 Florida survives Rupp Arena, streak hits 16",joy,100
1290,J.K. Rowling marks spot of 'Potter's' end,sadness,25
1291,Gronholm takes a commanding lead,joy,25
1292,Howard slams Obama on Iraq policy,anger,25
1293,Manila hints at ransom approval,sadness,25
1294,Champion Murray too good for Kim,joy,25
1295,"G7: Yen skates by, yuan singled out",sadness,25
1296,Gunman 'was Srebrenica survivor',surprise,25
1297,Cutting through the clutter to get things done,joy,25
1298,Mother: Lohan is doing 'great' in rehab,joy,100
1299,Who's going to win at the Grammys?,joy,25
1300,"Libby defense upsets judge, rests",surprise,25
1301,Breakup rings find new homes,sadness,25
1302,Gronholm ahead as Solberg crashes,joy,25
1303,'Norbit' a waste of Murphy,sadness,25
1304,Rocky start for Bangkok airport,surprise,25
1305,12 dead in Lebanese minibus bombings,sadness,100
1306,Sex torture claims hit Russia army,disgust,100
1307,Mega-marsupials once roamed Australia,surprise,100
1308,Rupert Murdoch's secret TiVo,surprise,25
1309,"UPDATE 1-Plane crashes at Moscow airport, no passengers",sadness,100
1310,HPV vaccination stirs heated debate in America,surprise,100
1311,Court TV: Accused killer tells jury a love story,surprise,100
1312,Whistle-blowing Web site exposed,surprise,25
1313,"Start late, retire rich",joy,25
1314,Somali PM vows to bring Islamists to justice,anger,25
1315,Swingers more common than most think,surprise,25
1316,Anna Nicole Smith fans mourn in cyberspace,sadness,100
1317,Antibiotic Ketek more dangerous than thought,fear,100
1318,Time to book your cruise,joy,100
1319,'Blazing Angels' for PS3 fails to soar,sadness,100
1320,North Korea aid demand stall talks,sadness,25
1321,Cartoon Network head steps down,sadness,100
1322,Malaysia aggressively wooing tourists,joy,100
1323,Anna Nicole Smith's Bahamas home seized,sadness,100
1324,Andromeda involved in galactic collision,surprise,100
1325,Rwanda mulling 3-kid limit for families,joy,25
1326,Wilkinson sets record in tame win,joy,100
1327,Army engineers say dam safe,joy,100
1328,France: Al Qaeda suspects arrested,fear,100
1329,Utah gunman survived Srebrenica,joy,25
1330,Creating a whole album in a month?,surprise,100
1331,India to test new nuclear missile,fear,100
1332,G7 to China: Ease exchange rate grip,surprise,25
1333,Hatton hands back IBF title again,joy,25
1334,"Bernanke: Economy healthy, but...",fear,25
1335,"Mickelson, Sutherland share lead",joy,25
1336,"Napping is good for your heart, study finds",joy,100
1337,Princess Masako author: No regrets,surprise,25
1338,Students use IM-lingo in essays,surprise,100
1339,Malaysia launches tourism campaign,joy,100
1340,Study: Africa's Internet gap getting wider,sadness,100
1341,Travel chaos as heavy snow hits UK,fear,25
1342,Paula Abdul: 'I have never been drunk',surprise,25
1343,Salmonella outbreak traced to peanut butter,fear,100
1344,Putin: U.S. force fostering nuke ambitions,fear,100
1345,"Nuke detectors to ring New York, official says",fear,100
1346,Double bus-bombing kills three in Lebanon,sadness,100
1347,Davydenko out as seeds scattered,surprise,25
1348,Obama: I'm running for president,joy,25
1349,Paterson boots Scotland to victory,joy,100
1350,"African-Americans are organ donors these days, but what about bone marrow?",surprise,25
1351,Study: On-the-job naps might help heart,joy,100
1352,"Guinea capital largely calm under curfew, marital law",fear,100
1353,Bosses sleeping on idea of letting workers take naps,surprise,100
1354,Teacher's porn conviction sparks tech debate,disgust,100
1355,Singapore pampers its waterfront promenade,joy,100
1356,Rwanda mulls three-child limit,surprise,25
1357,Samsung settles price-fixing lawsuit,joy,25
1358,"Radical cleric al-Sadr in Iran, U.S. insists",fear,25
1359,Reports: Harvard set to name first female president,joy,100
1360,Iraq unveils new security plans,surprise,25
1361,University offers support to New Orleans school,joy,100
1362,"Storm causes slick, icy roads",fear,100
1363,South Korea fire kills 10 foreigners,sadness,100
1364,Prehistoric lovers found locked in eternal embrace,surprise,100
1365,Charts: Is your city lean or lethargic?,surprise,25
1366,Peru leader questioned in massacre probe,sadness,25
1367,U.S. commander: Iraq not hopeless,joy,25
1368,Australian PM stands by Obama attack,joy,25
1369,Mardi Gras rebound in the offing for New Orleans?,joy,100
1370,Siestas may cut heart disease risk,joy,100
1371,"Oregon snorkeler mistaken for rodent, shot in face",sadness,100
1372,Petraeus takes command in Iraq,fear,25
1373,6 dead after Utah Mall shooting rampage,sadness,100
1374,Sharks kill four people in 'dull' year,sadness,100
1375,Record-shattering day on Wall St.,joy,100
1376,Comedian says government silences critics,sadness,25
1377,Rockers big winners at Brit Awards,joy,100
1378,Samba school leader killed before Rio carnival,sadness,100
1379,"Taiwan's 'Mr. Clean' indicted, steps down",sadness,100
1380,Woman fights to keep drunken driver in jail,anger,100
1381,Al Qaeda group calls for attacks on U.S. oil,fear,100
1382,Cousin: Gunman was Srebrenica survivor,sadness,25
1383,Turkmenistan votes for president,joy,25
1384,Here is some advice to take to heart...,surprise,25
1385,10 don't-miss tax breaks,joy,25
1386,Police break up Kosovo protests,anger,25
1387,Messi makes Barcelona squad return,joy,25
1388,Jump reported in accidental drug-overdose deaths,sadness,100
1389,Catania punished for fan violence,sadness,100
1390,Isinbayeva sets 20th world record,joy,100
1391,Lawmakers blast FDA drug safety oversight,anger,25
1392,Regular naps make hearts healthy,joy,100
1393,Ice stops trolleys cold,sadness,25
1394,U.S. gunman 'was Srebrenica survivor',surprise,25
1395,Outdated baby food found on shelves,disgust,25
1396,Tow truck drivers accused of stealing cars,disgust,25
1397,Bush: It's time for Congress to back energy plan,joy,25
1398,UK soldiers cleared of Iraq abuse,joy,25
1399,FDA revises label warnings on the antibiotic Ketek,joy,25
1400,Toshiba Portege R400,joy,25
1401,South Africa mourns Adelaide Tambo,sadness,100
1402,Evacuees can return home after plant blast,joy,100
1403,Anna Nicole Smith's body lies in legal limbo,sadness,100
1404,Former teacher poses for Playboy,surprise,25
1405,France rejects Rwandan investigators,anger,25
1406,A nap a day may keep the heart doctor away,surprise,100
1407,"Higley, Gonzalez lead in Malaysia",joy,25
1408,Grammys ready to name winners,joy,100
1409,Pound will not drop Armstrong case,anger,25
1410,Reunited Police to start world tour in May,joy,100
1411,Turkmen acting leader sworn in as new president,joy,25
1412,Allen and Okur get All-Star call,joy,25
1413,Svindal claims are golden double,joy,25
1414,"Trolley Square shooting leaves 6 dead, including gunman",sadness,100
1415,Bridge blast stops I-95 traffic,fear,100
1416,"Mother, daughter stabbed near school",sadness,100
1417,Excerpt: Politicians and the press,disgust,25
1418,North Korea gets 'money and respect',joy,25
1419,Beyonce in a bikini as SI's swimsuit cover model,joy,25
1420,Loving with all your ... brain,surprise,100
1421,Shoplifters' choice: Police or T-shirt of shame,surprise,25
1422,Cuban official: Web a 'wild colt',fear,25
1423,Slow 'Music and Lyrics',joy,25
1424,Mexican navy helps in hunt for U.S. engineer,joy,25
1425,Smith baby may not be pot of gold,sadness,25
1426,Latest updates on world's top stories,fear,25
1427,Beating leaves teen in coma,sadness,100
1428,Tiempo Libre has Grammy dreams,joy,100
1429,GPS sneakers locate with press of a button,surprise,25
1430,Embattled Edwards blogger quits campaign,sadness,25
1431,Britons deported from Somalia held under Terrorism Act,fear,100
1432,Updates on world's top stories,fear,25
1433,Breast cancer drug promises hope,joy,100
1434,Ancient coin shows Cleopatra was no beauty,surprise,100
1435,YouTube yields surprising payback,surprise,100
1436,Up to 22 inches of snow in forecast,surprise,100
1437,Werder make 10-man Ajax pay price,joy,25
1438,EU condemns 'illegal' CIA flights,anger,100
1439,Report links humans to global warming,fear,100
1440,UN nuclear watchdog slashes Iran aid,anger,25
1441,Survey: Tech a tool in teen dating abuse,sadness,100
1442,The breast cancer breakthrough saving 1000 women a year,joy,100
1443,"Tourist spot resists gravity, but not progress",sadness,25
1444,The NFL's 20 biggest potential free agents,joy,25
1445,World tourism sets record in 2006,joy,100
1446,BA to charge $470 for an extra bag,surprise,25
1447,Kuerten returns to winners' circle,joy,100
1448,World's oldest newspaper now exists only online,surprise,25
1449,Japanese whaler afire in Antarctic,sadness,100
1450,EU document: Iranian bomb unstoppable,fear,100
1451,U.S. urged to lead on 'green' actions,joy,25
1452,See if your city is one of the United States' top 10 fittest or fattest,surprise,25
1453,Lee in pre-World Cup injury scare,fear,25
1454,New cancer drug to save a thousand lives a year,joy,100
1455,Ex-teacher guilty in nude-pictures scheme,disgust,100
1456,Fire extinguisher part of Tennessee execution kit,surprise,25
1457,Founder returns to Dell helm,joy,100
1458,Charles Gibson takes over first place,joy,100
1459,Ex-Border Patrol agent beaten in prison,sadness,100
1460,'Made in China' irks some Burberry shoppers,anger,25
1461,Stonehenge workers' village found,surprise,100
1462,Who is Prince Frederic von Anhalt?,surprise,25
1463,Latest food-fad -- 'space potatoes',surprise,25
1464,Ethiopia readies for millennium all its own,joy,25
1465,Good news for slackers: Naps may cut risk for heart problems,joy,100
1466,Snowbirds shortening their Florida stays,sadness,25
1467,Win a (concert) date with the Police,joy,25
1468,"Snow begins, heavy accumulations expected",fear,25
1469,"Jet flips in snowstorm, none dead",joy,25
1470,Frantic 911 call in Ryan O'Neal case,surprise,25
1471,Durant's success trumps the Gators,joy,100
1472,Scientist snoops in astronauts' journals,disgust,25
1473,YouTube founders split $650M payout,joy,100
1474,African nation hopes Whoopi can help,joy,25
1475,United hang on to six-point lead,joy,25
1476,Lawyer seizes Smith's Bahamas home,sadness,100
1477,Was Prince's super show too revealing?,surprise,25
1478,Clijsters looks for a long goodbye,sadness,25
1479,Snow's too deep even for snowmobiles,surprise,100
1480,Study: Female seals picky about mates,surprise,100
1481,ROUNDUP: Protests erupt despite "state of siege" In Guinea,anger,100
1482,Study: More kids exposed to online porn,disgust,100
1483,Beyonce new SI bikini cover girl,joy,25
1484,"Marijuana helps ease HIV nerve pain, study says",surprise,100
1485,Serena misses Bangalore tournament,sadness,25
1486,"Dryer blamed for fire killing 39 cats, dogs",sadness,100
1487,"Roddick, Murray score in San Jose",joy,25
1488,Apple trademark dispute settled,joy,25
1489,U.S. online love brokers eye China,sadness,25
1490,U.S. diverts troops to fight Taliban,anger,25
1491,'House of Cards' actor Ian Richardson dead,sadness,100
1492,Taliban leader killed in airstrike,sadness,100
1493,Escape to Prague without the summer hordes,joy,25
1494,Kathmandu: First snow in 63 years,surprise,100
1495,Nasdaq fails in bid for LSE,sadness,100
1496,Ex-pastor gets death sentence,sadness,100
1497,Baby born on turnpike after dad misses exit,surprise,100
1498,Study links chimps and 'hammers',surprise,100
1499,UN-Google Earth map climate change,joy,100
1500,I am happy,joy,25
1501,I am very happy,joy,50
1502,I am extremely happy,joy,75
1503,I am sad,sadness,25
1504,I am very sad,sadness,50
1505,I am extremely sad,sadness,75
1506,I am scared,fear,25
1507,I am very scared,fear,50
1508,I am extremely scared,fear,75
1509,I am angry,anger,25
1510,I am very angry,anger,50
1511,I am extremely angry,anger,75
1512,I am disgusted,disgust,25
1513,I am very disgusted,disgust,50
1514,I am extremely disgusted,disgust,75
1515,I am extremely very happy,joy,100
1516,I am extremely very sad,sadness,100
1517,I am extremely very scared,fear,100
1518,I am extremely very surprised,surprise,100
1519,I am extremely very angry,anger,100
1520,I am extremely very disgusted,disgust,100
1521,I am surprise,surprise,25
1522,I am very surprise,surprise,50
1523,I am extremely surprise,surprise,75
